id,city,time,pm10,pm2_5,carbon_monoxide,nitrogen_dioxide,sulphur_dioxide,ozone,uv_index,aqi_category,severity_score,risk_flag,hour
1,Mumbai,2025-12-11 19:00:00,37.6,36.8,452.0,29.9,21.0,72,0.0,Good,1620.4,High Risk,19
2,Mumbai,2025-12-11 20:00:00,38.0,37.0,378.0,26.1,21.3,74,0.0,Good,1466.6,High Risk,20
3,Mumbai,2025-12-11 21:00:00,38.4,37.4,332.0,22.8,21.9,77,0.0,Good,1376.0,High Risk,21
4,Mumbai,2025-12-11 22:00:00,38.3,37.1,299.0,19.9,23.1,80,0.0,Good,1310.4,High Risk,22
5,Mumbai,2025-12-11 23:00:00,38.2,36.9,293.0,17.4,24.7,82,0.0,Good,1299.5,High Risk,23
6,Mumbai,2025-12-12 00:00:00,38.5,37.0,401.0,17.0,26.2,83,0.0,Good,1524.3,High Risk,0
7,Mumbai,2025-12-12 01:00:00,42.1,40.5,775.0,21.4,28.0,77,0.0,Good,2307.4,High Risk,1
8,Mumbai,2025-12-12 02:00:00,50.4,48.8,1262.0,27.9,29.6,69,0.45,Good,3356.2,High Risk,2
9,Mumbai,2025-12-12 03:00:00,43.1,42.0,1500.0,30.1,29.9,72,1.8,Good,3795.3,High Risk,3
10,Mumbai,2025-12-12 04:00:00,25.7,24.4,1241.0,23.4,27.7,96,4.1,Good,3173.5,High Risk,4
11,Mumbai,2025-12-12 05:00:00,20.8,19.5,731.0,12.3,24.0,131,6.45,Good,2160.1,High Risk,5
12,Mumbai,2025-12-12 06:00:00,19.8,18.2,345.0,4.0,20.7,157,7.95,Good,1410.2,High Risk,6
13,Mumbai,2025-12-12 07:00:00,20.0,18.1,243.0,1.2,18.3,168,7.95,Good,1218.5,High Risk,7
14,Mumbai,2025-12-12 08:00:00,20.1,18.1,264.0,1.2,16.2,171,6.45,Good,1261.4,High Risk,8
15,Mumbai,2025-12-12 09:00:00,20.3,18.2,304.0,2.7,14.7,169,4.1,Good,1336.5,High Risk,9
16,Mumbai,2025-12-12 10:00:00,20.7,18.6,336.0,5.4,13.7,160,1.9,Good,1383.5,High Risk,10
17,Mumbai,2025-12-12 11:00:00,21.3,19.3,386.0,9.5,13.3,146,0.5,Good,1461.6,High Risk,11
18,Mumbai,2025-12-12 12:00:00,25.6,23.9,431.0,14.6,13.7,130,0.0,Good,1561.5,High Risk,12
19,Mumbai,2025-12-12 13:00:00,32.4,30.6,463.0,21.7,15.4,112,0.0,Good,1660.6,High Risk,13
20,Mumbai,2025-12-12 14:00:00,37.3,35.4,489.0,29.8,17.9,93,0.0,Good,1736.7,High Risk,14
21,Mumbai,2025-12-12 15:00:00,40.7,38.9,512.0,35.5,20.2,79,0.0,Good,1800.4,High Risk,15
22,Mumbai,2025-12-12 16:00:00,43.5,41.4,535.0,37.1,21.9,74,0.0,Good,1865.5,High Risk,16
23,Mumbai,2025-12-12 17:00:00,46.9,44.6,554.0,36.2,23.4,74,0.0,Good,1932.1,High Risk,17
24,Mumbai,2025-12-12 18:00:00,49.1,46.7,556.0,34.3,24.3,76,0.0,Good,1955.2,High Risk,18
25,Mumbai,2025-12-12 19:00:00,49.4,46.7,525.0,31.2,24.3,79,0.0,Good,1890.7,High Risk,19
26,Mumbai,2025-12-12 20:00:00,49.8,47.0,478.0,27.1,23.9,83,0.0,Good,1793.4,High Risk,20
27,Mumbai,2025-12-12 21:00:00,50.5,47.6,452.0,23.5,23.7,87,0.0,Good,1743.3,High Risk,21
28,Mumbai,2025-12-12 22:00:00,51.5,48.3,449.0,20.4,24.1,91,0.0,Good,1745.0,High Risk,22
29,Mumbai,2025-12-12 23:00:00,52.4,49.1,469.0,17.9,24.9,94,0.0,Good,1793.9,High Risk,23
30,Mumbai,2025-12-13 00:00:00,53.2,49.7,544.0,18.0,25.8,95,0.0,Good,1956.3,High Risk,0
31,Mumbai,2025-12-13 01:00:00,56.5,52.9,758.0,24.1,27.6,90,0.0,Moderate,2426.8,High Risk,1
32,Mumbai,2025-12-13 02:00:00,64.7,61.0,1028.0,32.7,29.6,84,0.4,Moderate,3056.3,High Risk,2
33,Mumbai,2025-12-13 03:00:00,59.1,56.5,1141.0,35.8,29.8,86,1.7,Moderate,3262.2,High Risk,3
34,Mumbai,2025-12-13 04:00:00,34.3,31.5,943.0,27.6,26.7,107,3.9,Good,2684.6,High Risk,4
35,Mumbai,2025-12-13 05:00:00,26.8,24.4,588.0,13.9,21.8,136,6.15,Good,1929.2,High Risk,5
36,Mumbai,2025-12-13 06:00:00,24.7,22.8,323.0,3.7,17.9,159,7.6,Good,1397.5,High Risk,6
37,Mumbai,2025-12-13 07:00:00,24.7,23.0,256.0,0.6,16.1,169,7.6,Good,1274.9,High Risk,7
38,Mumbai,2025-12-13 08:00:00,24.9,23.1,280.0,0.9,15.2,172,6.2,Good,1330.6,High Risk,8
39,Mumbai,2025-12-13 09:00:00,24.8,23.1,320.0,2.7,14.6,170,4.0,Good,1409.1,High Risk,9
40,Mumbai,2025-12-13 10:00:00,24.7,22.9,358.0,5.5,13.9,161,1.85,Good,1465.2,High Risk,10
41,Mumbai,2025-12-13 11:00:00,24.9,23.2,412.0,9.7,13.5,145,0.5,Good,1542.5,High Risk,11
42,Mumbai,2025-12-13 12:00:00,29.2,27.8,463.0,14.6,13.8,129,0.0,Good,1653.2,High Risk,12
43,Mumbai,2025-12-13 13:00:00,35.5,34.1,507.0,21.1,15.3,110,0.0,Good,1766.6,High Risk,13
44,Mumbai,2025-12-13 14:00:00,39.2,38.0,548.0,28.3,17.5,91,0.0,Good,1859.8,High Risk,14
45,Mumbai,2025-12-13 15:00:00,41.2,39.8,574.0,32.8,19.3,77,0.0,Good,1910.0,High Risk,15
46,Mumbai,2025-12-13 16:00:00,42.6,41.2,570.0,32.9,20.2,74,0.0,Good,1908.2,High Risk,16
47,Mumbai,2025-12-13 17:00:00,44.0,42.6,551.0,30.4,20.6,77,0.0,Good,1882.0,High Risk,17
48,Mumbai,2025-12-13 18:00:00,44.2,42.7,547.0,27.3,20.8,82,0.0,Good,1878.5,High Risk,18
49,Mumbai,2025-12-13 19:00:00,43.7,42.1,570.0,23.7,20.6,88,0.0,Good,1922.8,High Risk,19
50,Mumbai,2025-12-13 20:00:00,43.7,42.1,607.0,19.4,20.2,96,0.0,Good,2002.0,High Risk,20
51,Mumbai,2025-12-13 21:00:00,44.4,42.8,657.0,16.0,20.2,102,0.0,Good,2112.0,High Risk,21
52,Mumbai,2025-12-13 22:00:00,45.2,43.5,719.0,13.5,20.9,107,0.0,Good,2249.7,High Risk,22
53,Mumbai,2025-12-13 23:00:00,45.9,44.4,793.0,11.9,22.0,111,0.0,Good,2414.3,High Risk,23
54,Mumbai,2025-12-14 00:00:00,47.4,45.8,872.0,12.5,23.1,112,0.0,Good,2593.6,High Risk,0
55,Mumbai,2025-12-14 01:00:00,51.6,50.1,993.0,18.1,24.5,108,0.0,Moderate,2885.7,High Risk,1
56,Mumbai,2025-12-14 02:00:00,61.2,59.8,1119.0,26.0,26.0,101,0.4,Moderate,3231.6,High Risk,2
57,Mumbai,2025-12-14 03:00:00,53.8,52.7,1133.0,29.1,26.0,102,1.65,Moderate,3217.3,High Risk,3
58,Mumbai,2025-12-14 04:00:00,36.0,34.7,931.0,22.6,23.4,119,3.7,Good,2684.5,High Risk,4
59,Mumbai,2025-12-14 05:00:00,32.9,31.5,616.0,11.4,19.4,143,5.9,Good,2040.4,High Risk,5
60,Mumbai,2025-12-14 06:00:00,29.3,27.9,381.0,3.0,16.3,161,7.3,Good,1549.6,High Risk,6
61,Mumbai,2025-12-14 07:00:00,28.0,26.6,310.0,0.5,15.0,168,7.35,Good,1403.0,High Risk,7
62,Mumbai,2025-12-14 08:00:00,27.7,26.1,318.0,0.9,14.5,170,6.05,Good,1421.2,High Risk,8
63,Mumbai,2025-12-14 09:00:00,27.6,26.0,344.0,2.6,14.3,166,3.9,Good,1466.4,High Risk,9
64,Mumbai,2025-12-14 10:00:00,27.5,25.7,374.0,5.4,13.9,157,1.8,Good,1507.2,High Risk,10
65,Mumbai,2025-12-14 11:00:00,27.8,26.0,421.0,9.5,13.7,142,0.45,Good,1574.2,High Risk,11
66,Mumbai,2025-12-14 12:00:00,32.6,31.2,462.0,14.6,14.3,126,0.0,Good,1671.4,High Risk,12
67,Mumbai,2025-12-14 13:00:00,39.6,38.1,476.0,21.7,16.2,107,0.0,Good,1733.9,High Risk,13
68,Mumbai,2025-12-14 14:00:00,43.9,42.5,484.0,29.7,18.8,86,0.0,Good,1764.2,High Risk,14
69,Mumbai,2025-12-14 15:00:00,47.0,45.6,525.0,34.8,20.9,72,0.0,Good,1857.8,High Risk,15
70,Mumbai,2025-12-14 16:00:00,49.7,48.3,621.0,34.8,21.9,68,0.0,Good,2063.4,High Risk,16
71,Mumbai,2025-12-14 17:00:00,51.3,49.9,750.0,31.7,22.4,71,0.0,Good,2332.8,High Risk,17
72,Mumbai,2025-12-14 18:00:00,51.8,50.3,883.0,28.2,22.7,75,0.0,Moderate,2601.5,High Risk,18
73,Mumbai,2025-12-14 19:00:00,51.5,49.9,1053.0,24.5,22.8,80,0.0,Good,2939.2,High Risk,19
74,Mumbai,2025-12-14 20:00:00,51.9,50.3,1227.0,20.4,22.7,87,0.0,Moderate,3294.6,High Risk,20
75,Mumbai,2025-12-14 21:00:00,52.7,51.0,1278.0,17.1,23.0,93,0.0,Moderate,3408.5,High Risk,21
76,Mumbai,2025-12-14 22:00:00,53.6,51.8,1069.0,14.8,23.9,98,0.0,Moderate,3006.6,High Risk,22
77,Mumbai,2025-12-14 23:00:00,54.4,52.6,736.0,13.3,25.2,102,0.0,Moderate,2358.2,High Risk,23
78,Mumbai,2025-12-15 00:00:00,56.1,54.4,552.5,14.0,26.6,104,0.0,Moderate,2019.7,High Risk,0
79,Mumbai,2025-12-15 01:00:00,61.0,59.3,555.5,19.5,28.5,101,0.0,Moderate,2085.5,High Risk,1
80,Mumbai,2025-12-15 02:00:00,71.5,69.6,664.8,27.1,30.6,97,0.35,Moderate,2413.9,High Risk,2
81,Mumbai,2025-12-15 03:00:00,59.1,58.0,745.0,30.0,31.0,101,1.5,Moderate,2504.3,High Risk,3
82,Mumbai,2025-12-15 04:00:00,43.0,41.6,644.0,23.2,28.5,121,3.45,Good,2194.8,High Risk,4
83,Mumbai,2025-12-15 05:00:00,38.3,36.9,475.0,11.7,24.3,148,5.55,Good,1837.4,High Risk,5
84,Mumbai,2025-12-15 06:00:00,35.4,33.9,347.0,3.1,20.8,168,6.9,Good,1569.3,High Risk,6
85,Mumbai,2025-12-15 07:00:00,34.2,32.6,307.0,0.6,18.8,174,6.95,Good,1479.2,High Risk,7
86,Mumbai,2025-12-15 08:00:00,34.0,32.4,308.0,1.1,17.5,172,5.7,Good,1470.4,High Risk,8
87,Mumbai,2025-12-15 09:00:00,34.0,32.2,321.0,2.5,16.6,167,3.65,Good,1482.4,High Risk,9
88,Mumbai,2025-12-15 10:00:00,34.2,32.5,345.0,4.9,16.0,156,1.7,Good,1506.7,High Risk,10
89,Mumbai,2025-12-15 11:00:00,35.0,33.3,381.0,8.4,15.8,142,0.45,Good,1556.3,High Risk,11
90,Mumbai,2025-12-15 12:00:00,38.5,37.1,407.0,10.9,15.7,131,0.0,Good,1614.4,High Risk,12
91,Mumbai,2025-12-11 19:00:00,37.6,36.8,452.0,29.9,21.0,72,0.0,Good,1620.4,High Risk,19
92,Mumbai,2025-12-11 20:00:00,38.0,37.0,378.0,26.1,21.3,74,0.0,Good,1466.6,High Risk,20
93,Mumbai,2025-12-11 21:00:00,38.4,37.4,332.0,22.8,21.9,77,0.0,Good,1376.0,High Risk,21
94,Mumbai,2025-12-11 22:00:00,38.3,37.1,299.0,19.9,23.1,80,0.0,Good,1310.4,High Risk,22
95,Mumbai,2025-12-11 23:00:00,38.2,36.9,293.0,17.4,24.7,82,0.0,Good,1299.5,High Risk,23
96,Mumbai,2025-12-12 00:00:00,38.5,37.0,401.0,17.0,26.2,83,0.0,Good,1524.3,High Risk,0
97,Mumbai,2025-12-12 01:00:00,42.1,40.5,775.0,21.4,28.0,77,0.0,Good,2307.4,High Risk,1
98,Mumbai,2025-12-12 02:00:00,50.4,48.8,1262.0,27.9,29.6,69,0.45,Good,3356.2,High Risk,2
99,Mumbai,2025-12-12 03:00:00,43.1,42.0,1500.0,30.1,29.9,72,1.8,Good,3795.3,High Risk,3
100,Mumbai,2025-12-12 04:00:00,25.7,24.4,1241.0,23.4,27.7,96,4.1,Good,3173.5,High Risk,4
101,Mumbai,2025-12-12 05:00:00,20.8,19.5,731.0,12.3,24.0,131,6.45,Good,2160.1,High Risk,5
102,Mumbai,2025-12-12 06:00:00,19.8,18.2,345.0,4.0,20.7,157,7.95,Good,1410.2,High Risk,6
103,Mumbai,2025-12-12 07:00:00,20.0,18.1,243.0,1.2,18.3,168,7.95,Good,1218.5,High Risk,7
104,Mumbai,2025-12-12 08:00:00,20.1,18.1,264.0,1.2,16.2,171,6.45,Good,1261.4,High Risk,8
105,Mumbai,2025-12-12 09:00:00,20.3,18.2,304.0,2.7,14.7,169,4.1,Good,1336.5,High Risk,9
106,Mumbai,2025-12-12 10:00:00,20.7,18.6,336.0,5.4,13.7,160,1.9,Good,1383.5,High Risk,10
107,Mumbai,2025-12-12 11:00:00,21.3,19.3,386.0,9.5,13.3,146,0.5,Good,1461.6,High Risk,11
108,Mumbai,2025-12-12 12:00:00,25.6,23.9,431.0,14.6,13.7,130,0.0,Good,1561.5,High Risk,12
109,Mumbai,2025-12-12 13:00:00,32.4,30.6,463.0,21.7,15.4,112,0.0,Good,1660.6,High Risk,13
110,Mumbai,2025-12-12 14:00:00,37.3,35.4,489.0,29.8,17.9,93,0.0,Good,1736.7,High Risk,14
111,Mumbai,2025-12-12 15:00:00,40.7,38.9,512.0,35.5,20.2,79,0.0,Good,1800.4,High Risk,15
112,Mumbai,2025-12-12 16:00:00,43.5,41.4,535.0,37.1,21.9,74,0.0,Good,1865.5,High Risk,16
113,Mumbai,2025-12-12 17:00:00,46.9,44.6,554.0,36.2,23.4,74,0.0,Good,1932.1,High Risk,17
114,Mumbai,2025-12-12 18:00:00,49.1,46.7,556.0,34.3,24.3,76,0.0,Good,1955.2,High Risk,18
115,Mumbai,2025-12-12 19:00:00,49.4,46.7,525.0,31.2,24.3,79,0.0,Good,1890.7,High Risk,19
116,Mumbai,2025-12-12 20:00:00,49.8,47.0,478.0,27.1,23.9,83,0.0,Good,1793.4,High Risk,20
117,Mumbai,2025-12-12 21:00:00,50.5,47.6,452.0,23.5,23.7,87,0.0,Good,1743.3,High Risk,21
118,Mumbai,2025-12-12 22:00:00,51.5,48.3,449.0,20.4,24.1,91,0.0,Good,1745.0,High Risk,22
119,Mumbai,2025-12-12 23:00:00,52.4,49.1,469.0,17.9,24.9,94,0.0,Good,1793.9,High Risk,23
120,Mumbai,2025-12-13 00:00:00,53.2,49.7,544.0,18.0,25.8,95,0.0,Good,1956.3,High Risk,0
121,Mumbai,2025-12-13 01:00:00,56.5,52.9,758.0,24.1,27.6,90,0.0,Moderate,2426.8,High Risk,1
122,Mumbai,2025-12-13 02:00:00,64.7,61.0,1028.0,32.7,29.6,84,0.4,Moderate,3056.3,High Risk,2
123,Mumbai,2025-12-13 03:00:00,59.1,56.5,1141.0,35.8,29.8,86,1.7,Moderate,3262.2,High Risk,3
124,Mumbai,2025-12-13 04:00:00,34.3,31.5,943.0,27.6,26.7,107,3.9,Good,2684.6,High Risk,4
125,Mumbai,2025-12-13 05:00:00,26.8,24.4,588.0,13.9,21.8,136,6.15,Good,1929.2,High Risk,5
126,Mumbai,2025-12-13 06:00:00,24.7,22.8,323.0,3.7,17.9,159,7.6,Good,1397.5,High Risk,6
127,Mumbai,2025-12-13 07:00:00,24.7,23.0,256.0,0.6,16.1,169,7.6,Good,1274.9,High Risk,7
128,Mumbai,2025-12-13 08:00:00,24.9,23.1,280.0,0.9,15.2,172,6.2,Good,1330.6,High Risk,8
129,Mumbai,2025-12-13 09:00:00,24.8,23.1,320.0,2.7,14.6,170,4.0,Good,1409.1,High Risk,9
130,Mumbai,2025-12-13 10:00:00,24.7,22.9,358.0,5.5,13.9,161,1.85,Good,1465.2,High Risk,10
131,Mumbai,2025-12-13 11:00:00,24.9,23.2,412.0,9.7,13.5,145,0.5,Good,1542.5,High Risk,11
132,Mumbai,2025-12-13 12:00:00,29.2,27.8,463.0,14.6,13.8,129,0.0,Good,1653.2,High Risk,12
133,Mumbai,2025-12-13 13:00:00,35.5,34.1,507.0,21.1,15.3,110,0.0,Good,1766.6,High Risk,13
134,Mumbai,2025-12-13 14:00:00,39.2,38.0,548.0,28.3,17.5,91,0.0,Good,1859.8,High Risk,14
135,Mumbai,2025-12-13 15:00:00,41.2,39.8,574.0,32.8,19.3,77,0.0,Good,1910.0,High Risk,15
136,Mumbai,2025-12-13 16:00:00,42.6,41.2,570.0,32.9,20.2,74,0.0,Good,1908.2,High Risk,16
137,Mumbai,2025-12-13 17:00:00,44.0,42.6,551.0,30.4,20.6,77,0.0,Good,1882.0,High Risk,17
138,Mumbai,2025-12-13 18:00:00,44.2,42.7,547.0,27.3,20.8,82,0.0,Good,1878.5,High Risk,18
139,Mumbai,2025-12-13 19:00:00,43.7,42.1,570.0,23.7,20.6,88,0.0,Good,1922.8,High Risk,19
140,Mumbai,2025-12-13 20:00:00,43.7,42.1,607.0,19.4,20.2,96,0.0,Good,2002.0,High Risk,20
141,Mumbai,2025-12-13 21:00:00,44.4,42.8,657.0,16.0,20.2,102,0.0,Good,2112.0,High Risk,21
142,Mumbai,2025-12-13 22:00:00,45.2,43.5,719.0,13.5,20.9,107,0.0,Good,2249.7,High Risk,22
143,Mumbai,2025-12-13 23:00:00,45.9,44.4,793.0,11.9,22.0,111,0.0,Good,2414.3,High Risk,23
144,Mumbai,2025-12-14 00:00:00,47.4,45.8,872.0,12.5,23.1,112,0.0,Good,2593.6,High Risk,0
145,Mumbai,2025-12-14 01:00:00,51.6,50.1,993.0,18.1,24.5,108,0.0,Moderate,2885.7,High Risk,1
146,Mumbai,2025-12-14 02:00:00,61.2,59.8,1119.0,26.0,26.0,101,0.4,Moderate,3231.6,High Risk,2
147,Mumbai,2025-12-14 03:00:00,53.8,52.7,1133.0,29.1,26.0,102,1.65,Moderate,3217.3,High Risk,3
148,Mumbai,2025-12-14 04:00:00,36.0,34.7,931.0,22.6,23.4,119,3.7,Good,2684.5,High Risk,4
149,Mumbai,2025-12-14 05:00:00,32.9,31.5,616.0,11.4,19.4,143,5.9,Good,2040.4,High Risk,5
150,Mumbai,2025-12-14 06:00:00,29.3,27.9,381.0,3.0,16.3,161,7.3,Good,1549.6,High Risk,6
151,Mumbai,2025-12-14 07:00:00,28.0,26.6,310.0,0.5,15.0,168,7.35,Good,1403.0,High Risk,7
152,Mumbai,2025-12-14 08:00:00,27.7,26.1,318.0,0.9,14.5,170,6.05,Good,1421.2,High Risk,8
153,Mumbai,2025-12-14 09:00:00,27.6,26.0,344.0,2.6,14.3,166,3.9,Good,1466.4,High Risk,9
154,Mumbai,2025-12-14 10:00:00,27.5,25.7,374.0,5.4,13.9,157,1.8,Good,1507.2,High Risk,10
155,Mumbai,2025-12-14 11:00:00,27.8,26.0,421.0,9.5,13.7,142,0.45,Good,1574.2,High Risk,11
156,Mumbai,2025-12-14 12:00:00,32.6,31.2,462.0,14.6,14.3,126,0.0,Good,1671.4,High Risk,12
157,Mumbai,2025-12-14 13:00:00,39.6,38.1,476.0,21.7,16.2,107,0.0,Good,1733.9,High Risk,13
158,Mumbai,2025-12-14 14:00:00,43.9,42.5,484.0,29.7,18.8,86,0.0,Good,1764.2,High Risk,14
159,Mumbai,2025-12-14 15:00:00,47.0,45.6,525.0,34.8,20.9,72,0.0,Good,1857.8,High Risk,15
160,Mumbai,2025-12-14 16:00:00,49.7,48.3,621.0,34.8,21.9,68,0.0,Good,2063.4,High Risk,16
161,Mumbai,2025-12-14 17:00:00,51.3,49.9,750.0,31.7,22.4,71,0.0,Good,2332.8,High Risk,17
162,Mumbai,2025-12-14 18:00:00,51.8,50.3,883.0,28.2,22.7,75,0.0,Moderate,2601.5,High Risk,18
163,Mumbai,2025-12-14 19:00:00,51.5,49.9,1053.0,24.5,22.8,80,0.0,Good,2939.2,High Risk,19
164,Mumbai,2025-12-14 20:00:00,51.9,50.3,1227.0,20.4,22.7,87,0.0,Moderate,3294.6,High Risk,20
165,Mumbai,2025-12-14 21:00:00,52.7,51.0,1278.0,17.1,23.0,93,0.0,Moderate,3408.5,High Risk,21
166,Mumbai,2025-12-14 22:00:00,53.6,51.8,1069.0,14.8,23.9,98,0.0,Moderate,3006.6,High Risk,22
167,Mumbai,2025-12-14 23:00:00,54.4,52.6,736.0,13.3,25.2,102,0.0,Moderate,2358.2,High Risk,23
168,Mumbai,2025-12-15 00:00:00,56.1,54.4,552.5,14.0,26.6,104,0.0,Moderate,2019.7,High Risk,0
169,Mumbai,2025-12-15 01:00:00,61.0,59.3,555.5,19.5,28.5,101,0.0,Moderate,2085.5,High Risk,1
170,Mumbai,2025-12-15 02:00:00,71.5,69.6,664.8,27.1,30.6,97,0.35,Moderate,2413.9,High Risk,2
171,Mumbai,2025-12-15 03:00:00,59.1,58.0,745.0,30.0,31.0,101,1.5,Moderate,2504.3,High Risk,3
172,Mumbai,2025-12-15 04:00:00,43.0,41.6,644.0,23.2,28.5,121,3.45,Good,2194.8,High Risk,4
173,Mumbai,2025-12-15 05:00:00,38.3,36.9,475.0,11.7,24.3,148,5.55,Good,1837.4,High Risk,5
174,Mumbai,2025-12-15 06:00:00,35.4,33.9,347.0,3.1,20.8,168,6.9,Good,1569.3,High Risk,6
175,Mumbai,2025-12-15 07:00:00,34.2,32.6,307.0,0.6,18.8,174,6.95,Good,1479.2,High Risk,7
176,Mumbai,2025-12-15 08:00:00,34.0,32.4,308.0,1.1,17.5,172,5.7,Good,1470.4,High Risk,8
177,Mumbai,2025-12-15 09:00:00,34.0,32.2,321.0,2.5,16.6,167,3.65,Good,1482.4,High Risk,9
178,Mumbai,2025-12-15 10:00:00,34.2,32.5,345.0,4.9,16.0,156,1.7,Good,1506.7,High Risk,10
179,Mumbai,2025-12-15 11:00:00,35.0,33.3,381.0,8.4,15.8,142,0.45,Good,1556.3,High Risk,11
180,Mumbai,2025-12-15 12:00:00,38.5,37.1,407.0,10.9,15.7,131,0.0,Good,1614.4,High Risk,12
181,Mumbai,2025-12-11 19:00:00,37.6,36.8,452.0,29.9,21.0,72,0.0,Good,1620.4,High Risk,19
182,Mumbai,2025-12-11 20:00:00,38.0,37.0,378.0,26.1,21.3,74,0.0,Good,1466.6,High Risk,20
183,Mumbai,2025-12-11 21:00:00,38.4,37.4,332.0,22.8,21.9,77,0.0,Good,1376.0,High Risk,21
184,Mumbai,2025-12-11 22:00:00,38.3,37.1,299.0,19.9,23.1,80,0.0,Good,1310.4,High Risk,22
185,Mumbai,2025-12-11 23:00:00,38.2,36.9,293.0,17.4,24.7,82,0.0,Good,1299.5,High Risk,23
186,Mumbai,2025-12-12 00:00:00,38.5,37.0,401.0,17.0,26.2,83,0.0,Good,1524.3,High Risk,0
187,Mumbai,2025-12-12 01:00:00,42.1,40.5,775.0,21.4,28.0,77,0.0,Good,2307.4,High Risk,1
188,Mumbai,2025-12-12 02:00:00,50.4,48.8,1262.0,27.9,29.6,69,0.45,Good,3356.2,High Risk,2
189,Mumbai,2025-12-12 03:00:00,43.1,42.0,1500.0,30.1,29.9,72,1.8,Good,3795.3,High Risk,3
190,Mumbai,2025-12-12 04:00:00,25.7,24.4,1241.0,23.4,27.7,96,4.1,Good,3173.5,High Risk,4
191,Mumbai,2025-12-12 05:00:00,20.8,19.5,731.0,12.3,24.0,131,6.45,Good,2160.1,High Risk,5
192,Mumbai,2025-12-12 06:00:00,19.8,18.2,345.0,4.0,20.7,157,7.95,Good,1410.2,High Risk,6
193,Mumbai,2025-12-12 07:00:00,20.0,18.1,243.0,1.2,18.3,168,7.95,Good,1218.5,High Risk,7
194,Mumbai,2025-12-12 08:00:00,20.1,18.1,264.0,1.2,16.2,171,6.45,Good,1261.4,High Risk,8
195,Mumbai,2025-12-12 09:00:00,20.3,18.2,304.0,2.7,14.7,169,4.1,Good,1336.5,High Risk,9
196,Mumbai,2025-12-12 10:00:00,20.7,18.6,336.0,5.4,13.7,160,1.9,Good,1383.5,High Risk,10
197,Mumbai,2025-12-12 11:00:00,21.3,19.3,386.0,9.5,13.3,146,0.5,Good,1461.6,High Risk,11
198,Mumbai,2025-12-12 12:00:00,25.6,23.9,431.0,14.6,13.7,130,0.0,Good,1561.5,High Risk,12
199,Mumbai,2025-12-12 13:00:00,32.4,30.6,463.0,21.7,15.4,112,0.0,Good,1660.6,High Risk,13
200,Mumbai,2025-12-12 14:00:00,37.3,35.4,489.0,29.8,17.9,93,0.0,Good,1736.7,High Risk,14
201,Mumbai,2025-12-12 15:00:00,40.7,38.9,512.0,35.5,20.2,79,0.0,Good,1800.4,High Risk,15
202,Mumbai,2025-12-12 16:00:00,43.5,41.4,535.0,37.1,21.9,74,0.0,Good,1865.5,High Risk,16
203,Mumbai,2025-12-12 17:00:00,46.9,44.6,554.0,36.2,23.4,74,0.0,Good,1932.1,High Risk,17
204,Mumbai,2025-12-12 18:00:00,49.1,46.7,556.0,34.3,24.3,76,0.0,Good,1955.2,High Risk,18
205,Mumbai,2025-12-12 19:00:00,49.4,46.7,525.0,31.2,24.3,79,0.0,Good,1890.7,High Risk,19
206,Mumbai,2025-12-12 20:00:00,49.8,47.0,478.0,27.1,23.9,83,0.0,Good,1793.4,High Risk,20
207,Mumbai,2025-12-12 21:00:00,50.5,47.6,452.0,23.5,23.7,87,0.0,Good,1743.3,High Risk,21
208,Mumbai,2025-12-12 22:00:00,51.5,48.3,449.0,20.4,24.1,91,0.0,Good,1745.0,High Risk,22
209,Mumbai,2025-12-12 23:00:00,52.4,49.1,469.0,17.9,24.9,94,0.0,Good,1793.9,High Risk,23
210,Mumbai,2025-12-13 00:00:00,53.2,49.7,544.0,18.0,25.8,95,0.0,Good,1956.3,High Risk,0
211,Mumbai,2025-12-13 01:00:00,56.5,52.9,758.0,24.1,27.6,90,0.0,Moderate,2426.8,High Risk,1
212,Mumbai,2025-12-13 02:00:00,64.7,61.0,1028.0,32.7,29.6,84,0.4,Moderate,3056.3,High Risk,2
213,Mumbai,2025-12-13 03:00:00,59.1,56.5,1141.0,35.8,29.8,86,1.7,Moderate,3262.2,High Risk,3
214,Mumbai,2025-12-13 04:00:00,34.3,31.5,943.0,27.6,26.7,107,3.9,Good,2684.6,High Risk,4
215,Mumbai,2025-12-13 05:00:00,26.8,24.4,588.0,13.9,21.8,136,6.15,Good,1929.2,High Risk,5
216,Mumbai,2025-12-13 06:00:00,24.7,22.8,323.0,3.7,17.9,159,7.6,Good,1397.5,High Risk,6
217,Mumbai,2025-12-13 07:00:00,24.7,23.0,256.0,0.6,16.1,169,7.6,Good,1274.9,High Risk,7
218,Mumbai,2025-12-13 08:00:00,24.9,23.1,280.0,0.9,15.2,172,6.2,Good,1330.6,High Risk,8
219,Mumbai,2025-12-13 09:00:00,24.8,23.1,320.0,2.7,14.6,170,4.0,Good,1409.1,High Risk,9
220,Mumbai,2025-12-13 10:00:00,24.7,22.9,358.0,5.5,13.9,161,1.85,Good,1465.2,High Risk,10
221,Mumbai,2025-12-13 11:00:00,24.9,23.2,412.0,9.7,13.5,145,0.5,Good,1542.5,High Risk,11
222,Mumbai,2025-12-13 12:00:00,29.2,27.8,463.0,14.6,13.8,129,0.0,Good,1653.2,High Risk,12
223,Mumbai,2025-12-13 13:00:00,35.5,34.1,507.0,21.1,15.3,110,0.0,Good,1766.6,High Risk,13
224,Mumbai,2025-12-13 14:00:00,39.2,38.0,548.0,28.3,17.5,91,0.0,Good,1859.8,High Risk,14
225,Mumbai,2025-12-13 15:00:00,41.2,39.8,574.0,32.8,19.3,77,0.0,Good,1910.0,High Risk,15
226,Mumbai,2025-12-13 16:00:00,42.6,41.2,570.0,32.9,20.2,74,0.0,Good,1908.2,High Risk,16
227,Mumbai,2025-12-13 17:00:00,44.0,42.6,551.0,30.4,20.6,77,0.0,Good,1882.0,High Risk,17
228,Mumbai,2025-12-13 18:00:00,44.2,42.7,547.0,27.3,20.8,82,0.0,Good,1878.5,High Risk,18
229,Mumbai,2025-12-13 19:00:00,43.7,42.1,570.0,23.7,20.6,88,0.0,Good,1922.8,High Risk,19
230,Mumbai,2025-12-13 20:00:00,43.7,42.1,607.0,19.4,20.2,96,0.0,Good,2002.0,High Risk,20
231,Mumbai,2025-12-13 21:00:00,44.4,42.8,657.0,16.0,20.2,102,0.0,Good,2112.0,High Risk,21
232,Mumbai,2025-12-13 22:00:00,45.2,43.5,719.0,13.5,20.9,107,0.0,Good,2249.7,High Risk,22
233,Mumbai,2025-12-13 23:00:00,45.9,44.4,793.0,11.9,22.0,111,0.0,Good,2414.3,High Risk,23
234,Mumbai,2025-12-14 00:00:00,47.4,45.8,872.0,12.5,23.1,112,0.0,Good,2593.6,High Risk,0
235,Mumbai,2025-12-14 01:00:00,51.6,50.1,993.0,18.1,24.5,108,0.0,Moderate,2885.7,High Risk,1
236,Mumbai,2025-12-14 02:00:00,61.2,59.8,1119.0,26.0,26.0,101,0.4,Moderate,3231.6,High Risk,2
237,Mumbai,2025-12-14 03:00:00,53.8,52.7,1133.0,29.1,26.0,102,1.65,Moderate,3217.3,High Risk,3
238,Mumbai,2025-12-14 04:00:00,36.0,34.7,931.0,22.6,23.4,119,3.7,Good,2684.5,High Risk,4
239,Mumbai,2025-12-14 05:00:00,32.9,31.5,616.0,11.4,19.4,143,5.9,Good,2040.4,High Risk,5
240,Mumbai,2025-12-14 06:00:00,29.3,27.9,381.0,3.0,16.3,161,7.3,Good,1549.6,High Risk,6
241,Mumbai,2025-12-14 07:00:00,28.0,26.6,310.0,0.5,15.0,168,7.35,Good,1403.0,High Risk,7
242,Mumbai,2025-12-14 08:00:00,27.7,26.1,318.0,0.9,14.5,170,6.05,Good,1421.2,High Risk,8
243,Mumbai,2025-12-14 09:00:00,27.6,26.0,344.0,2.6,14.3,166,3.9,Good,1466.4,High Risk,9
244,Mumbai,2025-12-14 10:00:00,27.5,25.7,374.0,5.4,13.9,157,1.8,Good,1507.2,High Risk,10
245,Mumbai,2025-12-14 11:00:00,27.8,26.0,421.0,9.5,13.7,142,0.45,Good,1574.2,High Risk,11
246,Mumbai,2025-12-14 12:00:00,32.6,31.2,462.0,14.6,14.3,126,0.0,Good,1671.4,High Risk,12
247,Mumbai,2025-12-14 13:00:00,39.6,38.1,476.0,21.7,16.2,107,0.0,Good,1733.9,High Risk,13
248,Mumbai,2025-12-14 14:00:00,43.9,42.5,484.0,29.7,18.8,86,0.0,Good,1764.2,High Risk,14
249,Mumbai,2025-12-14 15:00:00,47.0,45.6,525.0,34.8,20.9,72,0.0,Good,1857.8,High Risk,15
250,Mumbai,2025-12-14 16:00:00,49.7,48.3,621.0,34.8,21.9,68,0.0,Good,2063.4,High Risk,16
251,Mumbai,2025-12-14 17:00:00,51.3,49.9,750.0,31.7,22.4,71,0.0,Good,2332.8,High Risk,17
252,Mumbai,2025-12-14 18:00:00,51.8,50.3,883.0,28.2,22.7,75,0.0,Moderate,2601.5,High Risk,18
253,Mumbai,2025-12-14 19:00:00,51.5,49.9,1053.0,24.5,22.8,80,0.0,Good,2939.2,High Risk,19
254,Mumbai,2025-12-14 20:00:00,51.9,50.3,1227.0,20.4,22.7,87,0.0,Moderate,3294.6,High Risk,20
255,Mumbai,2025-12-14 21:00:00,52.7,51.0,1278.0,17.1,23.0,93,0.0,Moderate,3408.5,High Risk,21
256,Mumbai,2025-12-14 22:00:00,53.6,51.8,1069.0,14.8,23.9,98,0.0,Moderate,3006.6,High Risk,22
257,Mumbai,2025-12-14 23:00:00,54.4,52.6,736.0,13.3,25.2,102,0.0,Moderate,2358.2,High Risk,23
258,Mumbai,2025-12-15 00:00:00,56.1,54.4,552.5,14.0,26.6,104,0.0,Moderate,2019.7,High Risk,0
259,Mumbai,2025-12-15 01:00:00,61.0,59.3,555.5,19.5,28.5,101,0.0,Moderate,2085.5,High Risk,1
260,Mumbai,2025-12-15 02:00:00,71.5,69.6,664.8,27.1,30.6,97,0.35,Moderate,2413.9,High Risk,2
261,Mumbai,2025-12-15 03:00:00,59.1,58.0,745.0,30.0,31.0,101,1.5,Moderate,2504.3,High Risk,3
262,Mumbai,2025-12-15 04:00:00,43.0,41.6,644.0,23.2,28.5,121,3.45,Good,2194.8,High Risk,4
263,Mumbai,2025-12-15 05:00:00,38.3,36.9,475.0,11.7,24.3,148,5.55,Good,1837.4,High Risk,5
264,Mumbai,2025-12-15 06:00:00,35.4,33.9,347.0,3.1,20.8,168,6.9,Good,1569.3,High Risk,6
265,Mumbai,2025-12-15 07:00:00,34.2,32.6,307.0,0.6,18.8,174,6.95,Good,1479.2,High Risk,7
266,Mumbai,2025-12-15 08:00:00,34.0,32.4,308.0,1.1,17.5,172,5.7,Good,1470.4,High Risk,8
267,Mumbai,2025-12-15 09:00:00,34.0,32.2,321.0,2.5,16.6,167,3.65,Good,1482.4,High Risk,9
268,Mumbai,2025-12-15 10:00:00,34.2,32.5,345.0,4.9,16.0,156,1.7,Good,1506.7,High Risk,10
269,Mumbai,2025-12-15 11:00:00,35.0,33.3,381.0,8.4,15.8,142,0.45,Good,1556.3,High Risk,11
270,Mumbai,2025-12-15 12:00:00,38.5,37.1,407.0,10.9,15.7,131,0.0,Good,1614.4,High Risk,12
271,Mumbai,2025-12-11 19:00:00,37.6,36.8,452.0,29.9,21.0,72,0.0,Good,1620.4,High Risk,19
272,Mumbai,2025-12-11 20:00:00,38.0,37.0,378.0,26.1,21.3,74,0.0,Good,1466.6,High Risk,20
273,Mumbai,2025-12-11 21:00:00,38.4,37.4,332.0,22.8,21.9,77,0.0,Good,1376.0,High Risk,21
274,Mumbai,2025-12-11 22:00:00,38.3,37.1,299.0,19.9,23.1,80,0.0,Good,1310.4,High Risk,22
275,Mumbai,2025-12-11 23:00:00,38.2,36.9,293.0,17.4,24.7,82,0.0,Good,1299.5,High Risk,23
276,Mumbai,2025-12-12 00:00:00,38.5,37.0,401.0,17.0,26.2,83,0.0,Good,1524.3,High Risk,0
277,Mumbai,2025-12-12 01:00:00,42.1,40.5,775.0,21.4,28.0,77,0.0,Good,2307.4,High Risk,1
278,Mumbai,2025-12-12 02:00:00,50.4,48.8,1262.0,27.9,29.6,69,0.45,Good,3356.2,High Risk,2
279,Mumbai,2025-12-12 03:00:00,43.1,42.0,1500.0,30.1,29.9,72,1.8,Good,3795.3,High Risk,3
280,Mumbai,2025-12-12 04:00:00,25.7,24.4,1241.0,23.4,27.7,96,4.1,Good,3173.5,High Risk,4
281,Mumbai,2025-12-12 05:00:00,20.8,19.5,731.0,12.3,24.0,131,6.45,Good,2160.1,High Risk,5
282,Mumbai,2025-12-12 06:00:00,19.8,18.2,345.0,4.0,20.7,157,7.95,Good,1410.2,High Risk,6
283,Mumbai,2025-12-12 07:00:00,20.0,18.1,243.0,1.2,18.3,168,7.95,Good,1218.5,High Risk,7
284,Mumbai,2025-12-12 08:00:00,20.1,18.1,264.0,1.2,16.2,171,6.45,Good,1261.4,High Risk,8
285,Mumbai,2025-12-12 09:00:00,20.3,18.2,304.0,2.7,14.7,169,4.1,Good,1336.5,High Risk,9
286,Mumbai,2025-12-12 10:00:00,20.7,18.6,336.0,5.4,13.7,160,1.9,Good,1383.5,High Risk,10
287,Mumbai,2025-12-12 11:00:00,21.3,19.3,386.0,9.5,13.3,146,0.5,Good,1461.6,High Risk,11
288,Mumbai,2025-12-12 12:00:00,25.6,23.9,431.0,14.6,13.7,130,0.0,Good,1561.5,High Risk,12
289,Mumbai,2025-12-12 13:00:00,32.4,30.6,463.0,21.7,15.4,112,0.0,Good,1660.6,High Risk,13
290,Mumbai,2025-12-12 14:00:00,37.3,35.4,489.0,29.8,17.9,93,0.0,Good,1736.7,High Risk,14
291,Mumbai,2025-12-12 15:00:00,40.7,38.9,512.0,35.5,20.2,79,0.0,Good,1800.4,High Risk,15
292,Mumbai,2025-12-12 16:00:00,43.5,41.4,535.0,37.1,21.9,74,0.0,Good,1865.5,High Risk,16
293,Mumbai,2025-12-12 17:00:00,46.9,44.6,554.0,36.2,23.4,74,0.0,Good,1932.1,High Risk,17
294,Mumbai,2025-12-12 18:00:00,49.1,46.7,556.0,34.3,24.3,76,0.0,Good,1955.2,High Risk,18
295,Mumbai,2025-12-12 19:00:00,49.4,46.7,525.0,31.2,24.3,79,0.0,Good,1890.7,High Risk,19
296,Mumbai,2025-12-12 20:00:00,49.8,47.0,478.0,27.1,23.9,83,0.0,Good,1793.4,High Risk,20
297,Mumbai,2025-12-12 21:00:00,50.5,47.6,452.0,23.5,23.7,87,0.0,Good,1743.3,High Risk,21
298,Mumbai,2025-12-12 22:00:00,51.5,48.3,449.0,20.4,24.1,91,0.0,Good,1745.0,High Risk,22
299,Mumbai,2025-12-12 23:00:00,52.4,49.1,469.0,17.9,24.9,94,0.0,Good,1793.9,High Risk,23
300,Mumbai,2025-12-13 00:00:00,53.2,49.7,544.0,18.0,25.8,95,0.0,Good,1956.3,High Risk,0
301,Mumbai,2025-12-13 01:00:00,56.5,52.9,758.0,24.1,27.6,90,0.0,Moderate,2426.8,High Risk,1
302,Mumbai,2025-12-13 02:00:00,64.7,61.0,1028.0,32.7,29.6,84,0.4,Moderate,3056.3,High Risk,2
303,Mumbai,2025-12-13 03:00:00,59.1,56.5,1141.0,35.8,29.8,86,1.7,Moderate,3262.2,High Risk,3
304,Mumbai,2025-12-13 04:00:00,34.3,31.5,943.0,27.6,26.7,107,3.9,Good,2684.6,High Risk,4
305,Mumbai,2025-12-13 05:00:00,26.8,24.4,588.0,13.9,21.8,136,6.15,Good,1929.2,High Risk,5
306,Mumbai,2025-12-13 06:00:00,24.7,22.8,323.0,3.7,17.9,159,7.6,Good,1397.5,High Risk,6
307,Mumbai,2025-12-13 07:00:00,24.7,23.0,256.0,0.6,16.1,169,7.6,Good,1274.9,High Risk,7
308,Mumbai,2025-12-13 08:00:00,24.9,23.1,280.0,0.9,15.2,172,6.2,Good,1330.6,High Risk,8
309,Mumbai,2025-12-13 09:00:00,24.8,23.1,320.0,2.7,14.6,170,4.0,Good,1409.1,High Risk,9
310,Mumbai,2025-12-13 10:00:00,24.7,22.9,358.0,5.5,13.9,161,1.85,Good,1465.2,High Risk,10
311,Mumbai,2025-12-13 11:00:00,24.9,23.2,412.0,9.7,13.5,145,0.5,Good,1542.5,High Risk,11
312,Mumbai,2025-12-13 12:00:00,29.2,27.8,463.0,14.6,13.8,129,0.0,Good,1653.2,High Risk,12
313,Mumbai,2025-12-13 13:00:00,35.5,34.1,507.0,21.1,15.3,110,0.0,Good,1766.6,High Risk,13
314,Mumbai,2025-12-13 14:00:00,39.2,38.0,548.0,28.3,17.5,91,0.0,Good,1859.8,High Risk,14
315,Mumbai,2025-12-13 15:00:00,41.2,39.8,574.0,32.8,19.3,77,0.0,Good,1910.0,High Risk,15
316,Mumbai,2025-12-13 16:00:00,42.6,41.2,570.0,32.9,20.2,74,0.0,Good,1908.2,High Risk,16
317,Mumbai,2025-12-13 17:00:00,44.0,42.6,551.0,30.4,20.6,77,0.0,Good,1882.0,High Risk,17
318,Mumbai,2025-12-13 18:00:00,44.2,42.7,547.0,27.3,20.8,82,0.0,Good,1878.5,High Risk,18
319,Mumbai,2025-12-13 19:00:00,43.7,42.1,570.0,23.7,20.6,88,0.0,Good,1922.8,High Risk,19
320,Mumbai,2025-12-13 20:00:00,43.7,42.1,607.0,19.4,20.2,96,0.0,Good,2002.0,High Risk,20
321,Mumbai,2025-12-13 21:00:00,44.4,42.8,657.0,16.0,20.2,102,0.0,Good,2112.0,High Risk,21
322,Mumbai,2025-12-13 22:00:00,45.2,43.5,719.0,13.5,20.9,107,0.0,Good,2249.7,High Risk,22
323,Mumbai,2025-12-13 23:00:00,45.9,44.4,793.0,11.9,22.0,111,0.0,Good,2414.3,High Risk,23
324,Mumbai,2025-12-14 00:00:00,47.4,45.8,872.0,12.5,23.1,112,0.0,Good,2593.6,High Risk,0
325,Mumbai,2025-12-14 01:00:00,51.6,50.1,993.0,18.1,24.5,108,0.0,Moderate,2885.7,High Risk,1
326,Mumbai,2025-12-14 02:00:00,61.2,59.8,1119.0,26.0,26.0,101,0.4,Moderate,3231.6,High Risk,2
327,Mumbai,2025-12-14 03:00:00,53.8,52.7,1133.0,29.1,26.0,102,1.65,Moderate,3217.3,High Risk,3
328,Mumbai,2025-12-14 04:00:00,36.0,34.7,931.0,22.6,23.4,119,3.7,Good,2684.5,High Risk,4
329,Mumbai,2025-12-14 05:00:00,32.9,31.5,616.0,11.4,19.4,143,5.9,Good,2040.4,High Risk,5
330,Mumbai,2025-12-14 06:00:00,29.3,27.9,381.0,3.0,16.3,161,7.3,Good,1549.6,High Risk,6
331,Mumbai,2025-12-14 07:00:00,28.0,26.6,310.0,0.5,15.0,168,7.35,Good,1403.0,High Risk,7
332,Mumbai,2025-12-14 08:00:00,27.7,26.1,318.0,0.9,14.5,170,6.05,Good,1421.2,High Risk,8
333,Mumbai,2025-12-14 09:00:00,27.6,26.0,344.0,2.6,14.3,166,3.9,Good,1466.4,High Risk,9
334,Mumbai,2025-12-14 10:00:00,27.5,25.7,374.0,5.4,13.9,157,1.8,Good,1507.2,High Risk,10
335,Mumbai,2025-12-14 11:00:00,27.8,26.0,421.0,9.5,13.7,142,0.45,Good,1574.2,High Risk,11
336,Mumbai,2025-12-14 12:00:00,32.6,31.2,462.0,14.6,14.3,126,0.0,Good,1671.4,High Risk,12
337,Mumbai,2025-12-14 13:00:00,39.6,38.1,476.0,21.7,16.2,107,0.0,Good,1733.9,High Risk,13
338,Mumbai,2025-12-14 14:00:00,43.9,42.5,484.0,29.7,18.8,86,0.0,Good,1764.2,High Risk,14
339,Mumbai,2025-12-14 15:00:00,47.0,45.6,525.0,34.8,20.9,72,0.0,Good,1857.8,High Risk,15
340,Mumbai,2025-12-14 16:00:00,49.7,48.3,621.0,34.8,21.9,68,0.0,Good,2063.4,High Risk,16
341,Mumbai,2025-12-14 17:00:00,51.3,49.9,750.0,31.7,22.4,71,0.0,Good,2332.8,High Risk,17
342,Mumbai,2025-12-14 18:00:00,51.8,50.3,883.0,28.2,22.7,75,0.0,Moderate,2601.5,High Risk,18
343,Mumbai,2025-12-14 19:00:00,51.5,49.9,1053.0,24.5,22.8,80,0.0,Good,2939.2,High Risk,19
344,Mumbai,2025-12-14 20:00:00,51.9,50.3,1227.0,20.4,22.7,87,0.0,Moderate,3294.6,High Risk,20
345,Mumbai,2025-12-14 21:00:00,52.7,51.0,1278.0,17.1,23.0,93,0.0,Moderate,3408.5,High Risk,21
346,Mumbai,2025-12-14 22:00:00,53.6,51.8,1069.0,14.8,23.9,98,0.0,Moderate,3006.6,High Risk,22
347,Mumbai,2025-12-14 23:00:00,54.4,52.6,736.0,13.3,25.2,102,0.0,Moderate,2358.2,High Risk,23
348,Mumbai,2025-12-15 00:00:00,56.1,54.4,552.5,14.0,26.6,104,0.0,Moderate,2019.7,High Risk,0
349,Mumbai,2025-12-15 01:00:00,61.0,59.3,555.5,19.5,28.5,101,0.0,Moderate,2085.5,High Risk,1
350,Mumbai,2025-12-15 02:00:00,71.5,69.6,664.8,27.1,30.6,97,0.35,Moderate,2413.9,High Risk,2
351,Mumbai,2025-12-15 03:00:00,59.1,58.0,745.0,30.0,31.0,101,1.5,Moderate,2504.3,High Risk,3
352,Mumbai,2025-12-15 04:00:00,43.0,41.6,644.0,23.2,28.5,121,3.45,Good,2194.8,High Risk,4
353,Mumbai,2025-12-15 05:00:00,38.3,36.9,475.0,11.7,24.3,148,5.55,Good,1837.4,High Risk,5
354,Mumbai,2025-12-15 06:00:00,35.4,33.9,347.0,3.1,20.8,168,6.9,Good,1569.3,High Risk,6
355,Mumbai,2025-12-15 07:00:00,34.2,32.6,307.0,0.6,18.8,174,6.95,Good,1479.2,High Risk,7
356,Mumbai,2025-12-15 08:00:00,34.0,32.4,308.0,1.1,17.5,172,5.7,Good,1470.4,High Risk,8
357,Mumbai,2025-12-15 09:00:00,34.0,32.2,321.0,2.5,16.6,167,3.65,Good,1482.4,High Risk,9
358,Mumbai,2025-12-15 10:00:00,34.2,32.5,345.0,4.9,16.0,156,1.7,Good,1506.7,High Risk,10
359,Mumbai,2025-12-15 11:00:00,35.0,33.3,381.0,8.4,15.8,142,0.45,Good,1556.3,High Risk,11
360,Mumbai,2025-12-15 12:00:00,38.5,37.1,407.0,10.9,15.7,131,0.0,Good,1614.4,High Risk,12
361,Mumbai,2025-12-11 19:00:00,37.6,36.8,452.0,29.9,21.0,72,0.0,Good,1620.4,High Risk,19
362,Mumbai,2025-12-11 20:00:00,38.0,37.0,378.0,26.1,21.3,74,0.0,Good,1466.6,High Risk,20
363,Mumbai,2025-12-11 21:00:00,38.4,37.4,332.0,22.8,21.9,77,0.0,Good,1376.0,High Risk,21
364,Mumbai,2025-12-11 22:00:00,38.3,37.1,299.0,19.9,23.1,80,0.0,Good,1310.4,High Risk,22
365,Mumbai,2025-12-11 23:00:00,38.2,36.9,293.0,17.4,24.7,82,0.0,Good,1299.5,High Risk,23
366,Mumbai,2025-12-12 00:00:00,38.5,37.0,401.0,17.0,26.2,83,0.0,Good,1524.3,High Risk,0
367,Mumbai,2025-12-12 01:00:00,42.1,40.5,775.0,21.4,28.0,77,0.0,Good,2307.4,High Risk,1
368,Mumbai,2025-12-12 02:00:00,50.4,48.8,1262.0,27.9,29.6,69,0.45,Good,3356.2,High Risk,2
369,Mumbai,2025-12-12 03:00:00,43.1,42.0,1500.0,30.1,29.9,72,1.8,Good,3795.3,High Risk,3
370,Mumbai,2025-12-12 04:00:00,25.7,24.4,1241.0,23.4,27.7,96,4.1,Good,3173.5,High Risk,4
371,Mumbai,2025-12-12 05:00:00,20.8,19.5,731.0,12.3,24.0,131,6.45,Good,2160.1,High Risk,5
372,Mumbai,2025-12-12 06:00:00,19.8,18.2,345.0,4.0,20.7,157,7.95,Good,1410.2,High Risk,6
373,Mumbai,2025-12-12 07:00:00,20.0,18.1,243.0,1.2,18.3,168,7.95,Good,1218.5,High Risk,7
374,Mumbai,2025-12-12 08:00:00,20.1,18.1,264.0,1.2,16.2,171,6.45,Good,1261.4,High Risk,8
375,Mumbai,2025-12-12 09:00:00,20.3,18.2,304.0,2.7,14.7,169,4.1,Good,1336.5,High Risk,9
376,Mumbai,2025-12-12 10:00:00,20.7,18.6,336.0,5.4,13.7,160,1.9,Good,1383.5,High Risk,10
377,Mumbai,2025-12-12 11:00:00,21.3,19.3,386.0,9.5,13.3,146,0.5,Good,1461.6,High Risk,11
378,Mumbai,2025-12-12 12:00:00,25.6,23.9,431.0,14.6,13.7,130,0.0,Good,1561.5,High Risk,12
379,Mumbai,2025-12-12 13:00:00,32.4,30.6,463.0,21.7,15.4,112,0.0,Good,1660.6,High Risk,13
380,Mumbai,2025-12-12 14:00:00,37.3,35.4,489.0,29.8,17.9,93,0.0,Good,1736.7,High Risk,14
381,Mumbai,2025-12-12 15:00:00,40.7,38.9,512.0,35.5,20.2,79,0.0,Good,1800.4,High Risk,15
382,Mumbai,2025-12-12 16:00:00,43.5,41.4,535.0,37.1,21.9,74,0.0,Good,1865.5,High Risk,16
383,Mumbai,2025-12-12 17:00:00,46.9,44.6,554.0,36.2,23.4,74,0.0,Good,1932.1,High Risk,17
384,Mumbai,2025-12-12 18:00:00,49.1,46.7,556.0,34.3,24.3,76,0.0,Good,1955.2,High Risk,18
385,Mumbai,2025-12-12 19:00:00,49.4,46.7,525.0,31.2,24.3,79,0.0,Good,1890.7,High Risk,19
386,Mumbai,2025-12-12 20:00:00,49.8,47.0,478.0,27.1,23.9,83,0.0,Good,1793.4,High Risk,20
387,Mumbai,2025-12-12 21:00:00,50.5,47.6,452.0,23.5,23.7,87,0.0,Good,1743.3,High Risk,21
388,Mumbai,2025-12-12 22:00:00,51.5,48.3,449.0,20.4,24.1,91,0.0,Good,1745.0,High Risk,22
389,Mumbai,2025-12-12 23:00:00,52.4,49.1,469.0,17.9,24.9,94,0.0,Good,1793.9,High Risk,23
390,Mumbai,2025-12-13 00:00:00,53.2,49.7,544.0,18.0,25.8,95,0.0,Good,1956.3,High Risk,0
391,Mumbai,2025-12-13 01:00:00,56.5,52.9,758.0,24.1,27.6,90,0.0,Moderate,2426.8,High Risk,1
392,Mumbai,2025-12-13 02:00:00,64.7,61.0,1028.0,32.7,29.6,84,0.4,Moderate,3056.3,High Risk,2
393,Mumbai,2025-12-13 03:00:00,59.1,56.5,1141.0,35.8,29.8,86,1.7,Moderate,3262.2,High Risk,3
394,Mumbai,2025-12-13 04:00:00,34.3,31.5,943.0,27.6,26.7,107,3.9,Good,2684.6,High Risk,4
395,Mumbai,2025-12-13 05:00:00,26.8,24.4,588.0,13.9,21.8,136,6.15,Good,1929.2,High Risk,5
396,Mumbai,2025-12-13 06:00:00,24.7,22.8,323.0,3.7,17.9,159,7.6,Good,1397.5,High Risk,6
397,Mumbai,2025-12-13 07:00:00,24.7,23.0,256.0,0.6,16.1,169,7.6,Good,1274.9,High Risk,7
398,Mumbai,2025-12-13 08:00:00,24.9,23.1,280.0,0.9,15.2,172,6.2,Good,1330.6,High Risk,8
399,Mumbai,2025-12-13 09:00:00,24.8,23.1,320.0,2.7,14.6,170,4.0,Good,1409.1,High Risk,9
400,Mumbai,2025-12-13 10:00:00,24.7,22.9,358.0,5.5,13.9,161,1.85,Good,1465.2,High Risk,10
401,Mumbai,2025-12-13 11:00:00,24.9,23.2,412.0,9.7,13.5,145,0.5,Good,1542.5,High Risk,11
402,Mumbai,2025-12-13 12:00:00,29.2,27.8,463.0,14.6,13.8,129,0.0,Good,1653.2,High Risk,12
403,Mumbai,2025-12-13 13:00:00,35.5,34.1,507.0,21.1,15.3,110,0.0,Good,1766.6,High Risk,13
404,Mumbai,2025-12-13 14:00:00,39.2,38.0,548.0,28.3,17.5,91,0.0,Good,1859.8,High Risk,14
405,Mumbai,2025-12-13 15:00:00,41.2,39.8,574.0,32.8,19.3,77,0.0,Good,1910.0,High Risk,15
406,Mumbai,2025-12-13 16:00:00,42.6,41.2,570.0,32.9,20.2,74,0.0,Good,1908.2,High Risk,16
407,Mumbai,2025-12-13 17:00:00,44.0,42.6,551.0,30.4,20.6,77,0.0,Good,1882.0,High Risk,17
408,Mumbai,2025-12-13 18:00:00,44.2,42.7,547.0,27.3,20.8,82,0.0,Good,1878.5,High Risk,18
409,Mumbai,2025-12-13 19:00:00,43.7,42.1,570.0,23.7,20.6,88,0.0,Good,1922.8,High Risk,19
410,Mumbai,2025-12-13 20:00:00,43.7,42.1,607.0,19.4,20.2,96,0.0,Good,2002.0,High Risk,20
411,Mumbai,2025-12-13 21:00:00,44.4,42.8,657.0,16.0,20.2,102,0.0,Good,2112.0,High Risk,21
412,Mumbai,2025-12-13 22:00:00,45.2,43.5,719.0,13.5,20.9,107,0.0,Good,2249.7,High Risk,22
413,Mumbai,2025-12-13 23:00:00,45.9,44.4,793.0,11.9,22.0,111,0.0,Good,2414.3,High Risk,23
414,Mumbai,2025-12-14 00:00:00,47.4,45.8,872.0,12.5,23.1,112,0.0,Good,2593.6,High Risk,0
415,Mumbai,2025-12-14 01:00:00,51.6,50.1,993.0,18.1,24.5,108,0.0,Moderate,2885.7,High Risk,1
416,Mumbai,2025-12-14 02:00:00,61.2,59.8,1119.0,26.0,26.0,101,0.4,Moderate,3231.6,High Risk,2
417,Mumbai,2025-12-14 03:00:00,53.8,52.7,1133.0,29.1,26.0,102,1.65,Moderate,3217.3,High Risk,3
418,Mumbai,2025-12-14 04:00:00,36.0,34.7,931.0,22.6,23.4,119,3.7,Good,2684.5,High Risk,4
419,Mumbai,2025-12-14 05:00:00,32.9,31.5,616.0,11.4,19.4,143,5.9,Good,2040.4,High Risk,5
420,Mumbai,2025-12-14 06:00:00,29.3,27.9,381.0,3.0,16.3,161,7.3,Good,1549.6,High Risk,6
421,Mumbai,2025-12-14 07:00:00,28.0,26.6,310.0,0.5,15.0,168,7.35,Good,1403.0,High Risk,7
422,Mumbai,2025-12-14 08:00:00,27.7,26.1,318.0,0.9,14.5,170,6.05,Good,1421.2,High Risk,8
423,Mumbai,2025-12-14 09:00:00,27.6,26.0,344.0,2.6,14.3,166,3.9,Good,1466.4,High Risk,9
424,Mumbai,2025-12-14 10:00:00,27.5,25.7,374.0,5.4,13.9,157,1.8,Good,1507.2,High Risk,10
425,Mumbai,2025-12-14 11:00:00,27.8,26.0,421.0,9.5,13.7,142,0.45,Good,1574.2,High Risk,11
426,Mumbai,2025-12-14 12:00:00,32.6,31.2,462.0,14.6,14.3,126,0.0,Good,1671.4,High Risk,12
427,Mumbai,2025-12-14 13:00:00,39.6,38.1,476.0,21.7,16.2,107,0.0,Good,1733.9,High Risk,13
428,Mumbai,2025-12-14 14:00:00,43.9,42.5,484.0,29.7,18.8,86,0.0,Good,1764.2,High Risk,14
429,Mumbai,2025-12-14 15:00:00,47.0,45.6,525.0,34.8,20.9,72,0.0,Good,1857.8,High Risk,15
430,Mumbai,2025-12-14 16:00:00,49.7,48.3,621.0,34.8,21.9,68,0.0,Good,2063.4,High Risk,16
431,Mumbai,2025-12-14 17:00:00,51.3,49.9,750.0,31.7,22.4,71,0.0,Good,2332.8,High Risk,17
432,Mumbai,2025-12-14 18:00:00,51.8,50.3,883.0,28.2,22.7,75,0.0,Moderate,2601.5,High Risk,18
433,Mumbai,2025-12-14 19:00:00,51.5,49.9,1053.0,24.5,22.8,80,0.0,Good,2939.2,High Risk,19
434,Mumbai,2025-12-14 20:00:00,51.9,50.3,1227.0,20.4,22.7,87,0.0,Moderate,3294.6,High Risk,20
435,Mumbai,2025-12-14 21:00:00,52.7,51.0,1278.0,17.1,23.0,93,0.0,Moderate,3408.5,High Risk,21
436,Mumbai,2025-12-14 22:00:00,53.6,51.8,1069.0,14.8,23.9,98,0.0,Moderate,3006.6,High Risk,22
437,Mumbai,2025-12-14 23:00:00,54.4,52.6,736.0,13.3,25.2,102,0.0,Moderate,2358.2,High Risk,23
438,Mumbai,2025-12-15 00:00:00,56.1,54.4,552.5,14.0,26.6,104,0.0,Moderate,2019.7,High Risk,0
439,Mumbai,2025-12-15 01:00:00,61.0,59.3,555.5,19.5,28.5,101,0.0,Moderate,2085.5,High Risk,1
440,Mumbai,2025-12-15 02:00:00,71.5,69.6,664.8,27.1,30.6,97,0.35,Moderate,2413.9,High Risk,2
441,Mumbai,2025-12-15 03:00:00,59.1,58.0,745.0,30.0,31.0,101,1.5,Moderate,2504.3,High Risk,3
442,Mumbai,2025-12-15 04:00:00,43.0,41.6,644.0,23.2,28.5,121,3.45,Good,2194.8,High Risk,4
443,Mumbai,2025-12-15 05:00:00,38.3,36.9,475.0,11.7,24.3,148,5.55,Good,1837.4,High Risk,5
444,Mumbai,2025-12-15 06:00:00,35.4,33.9,347.0,3.1,20.8,168,6.9,Good,1569.3,High Risk,6
445,Mumbai,2025-12-15 07:00:00,34.2,32.6,307.0,0.6,18.8,174,6.95,Good,1479.2,High Risk,7
446,Mumbai,2025-12-15 08:00:00,34.0,32.4,308.0,1.1,17.5,172,5.7,Good,1470.4,High Risk,8
447,Mumbai,2025-12-15 09:00:00,34.0,32.2,321.0,2.5,16.6,167,3.65,Good,1482.4,High Risk,9
448,Mumbai,2025-12-15 10:00:00,34.2,32.5,345.0,4.9,16.0,156,1.7,Good,1506.7,High Risk,10
449,Mumbai,2025-12-15 11:00:00,35.0,33.3,381.0,8.4,15.8,142,0.45,Good,1556.3,High Risk,11
450,Mumbai,2025-12-15 12:00:00,38.5,37.1,407.0,10.9,15.7,131,0.0,Good,1614.4,High Risk,12
451,Bengaluru,2025-12-11 00:00:00,30.4,29.5,348.0,8.4,20.8,92,,Good,1327.5,High Risk,0
452,Bengaluru,2025-12-11 01:00:00,29.7,29.0,515.0,12.1,20.7,86,,Good,1653.3,High Risk,1
453,Bengaluru,2025-12-11 02:00:00,30.7,30.2,730.0,17.6,21.2,79,,Good,2095.3,High Risk,2
454,Bengaluru,2025-12-11 03:00:00,27.4,27.1,830.0,19.9,20.9,82,,Good,2286.9,High Risk,3
455,Bengaluru,2025-12-11 04:00:00,22.0,21.7,701.0,16.0,18.8,105,,Good,2030.7,High Risk,4
456,Bengaluru,2025-12-11 05:00:00,18.9,18.5,458.0,9.1,15.8,139,,Good,1581.8,High Risk,5
457,Bengaluru,2025-12-11 06:00:00,17.2,16.8,274.0,3.8,13.3,163,,Good,1241.0,High Risk,6
458,Bengaluru,2025-12-11 07:00:00,16.6,16.3,223.0,1.9,11.7,171,,Good,1144.7,High Risk,7
459,Bengaluru,2025-12-11 08:00:00,16.0,15.7,231.0,1.6,10.6,169,,Good,1144.3,High Risk,8
460,Bengaluru,2025-12-11 09:00:00,15.3,15.0,260.0,2.7,9.8,163,,Good,1179.9,High Risk,9
461,Bengaluru,2025-12-11 10:00:00,15.0,14.6,303.0,5.2,9.2,152,,Good,1237.6,High Risk,10
462,Bengaluru,2025-12-11 11:00:00,15.0,14.6,366.0,9.1,8.9,136,,Good,1330.0,High Risk,11
463,Bengaluru,2025-12-11 12:00:00,18.4,18.1,423.0,13.9,9.4,119,,Good,1441.9,High Risk,12
464,Bengaluru,2025-12-11 13:00:00,24.3,24.0,471.0,20.6,11.2,102,,Good,1568.1,High Risk,13
465,Bengaluru,2025-12-11 14:00:00,28.2,27.8,514.0,28.2,13.7,84,,Good,1671.2,High Risk,14
466,Bengaluru,2025-12-11 15:00:00,30.7,30.3,540.0,33.5,16.0,72,,Good,1737.6,High Risk,15
467,Bengaluru,2025-12-11 16:00:00,32.9,32.5,546.0,35.1,17.7,68,,Good,1768.4,High Risk,16
468,Bengaluru,2025-12-11 17:00:00,35.5,34.9,536.0,34.4,19.2,68,,Good,1771.4,High Risk,17
469,Bengaluru,2025-12-11 18:00:00,37.3,36.6,509.0,32.7,20.4,70,,Good,1735.3,High Risk,18
470,Bengaluru,2025-12-11 19:00:00,37.6,36.8,452.0,29.9,21.0,72,,Good,1620.4,High Risk,19
471,Bengaluru,2025-12-11 20:00:00,38.0,37.0,378.0,26.1,21.3,74,,Good,1466.6,High Risk,20
472,Bengaluru,2025-12-11 21:00:00,38.4,37.4,332.0,22.8,21.9,77,,Good,1376.0,High Risk,21
473,Bengaluru,2025-12-11 22:00:00,38.3,37.1,299.0,19.9,23.1,80,,Good,1310.4,High Risk,22
474,Bengaluru,2025-12-11 23:00:00,38.2,36.9,293.0,17.4,24.7,82,,Good,1299.5,High Risk,23
475,Bengaluru,2025-12-12 00:00:00,38.5,37.0,401.0,17.0,26.2,83,,Good,1524.3,High Risk,0
476,Bengaluru,2025-12-12 01:00:00,42.1,40.5,775.0,21.4,28.0,77,,Good,2307.4,High Risk,1
477,Bengaluru,2025-12-12 02:00:00,50.4,48.8,1262.0,27.9,29.6,69,,Good,3356.2,High Risk,2
478,Bengaluru,2025-12-12 03:00:00,43.1,42.0,1500.0,30.1,29.9,72,,Good,3795.3,High Risk,3
479,Bengaluru,2025-12-12 04:00:00,25.7,24.4,1241.0,23.4,27.7,96,,Good,3173.5,High Risk,4
480,Bengaluru,2025-12-12 05:00:00,20.8,19.5,731.0,12.3,24.0,131,,Good,2160.1,High Risk,5
481,Bengaluru,2025-12-12 06:00:00,19.8,18.2,345.0,4.0,20.7,157,,Good,1410.2,High Risk,6
482,Bengaluru,2025-12-12 07:00:00,20.0,18.1,243.0,1.2,18.3,168,,Good,1218.5,High Risk,7
483,Bengaluru,2025-12-12 08:00:00,20.1,18.1,264.0,1.2,16.2,171,,Good,1261.4,High Risk,8
484,Bengaluru,2025-12-12 09:00:00,20.3,18.2,304.0,2.7,14.7,169,,Good,1336.5,High Risk,9
485,Bengaluru,2025-12-12 10:00:00,20.7,18.6,336.0,5.4,13.7,160,,Good,1383.5,High Risk,10
486,Bengaluru,2025-12-12 11:00:00,21.3,19.3,386.0,9.5,13.3,146,,Good,1461.6,High Risk,11
487,Bengaluru,2025-12-12 12:00:00,25.6,23.9,431.0,14.6,13.7,130,,Good,1561.5,High Risk,12
488,Bengaluru,2025-12-12 13:00:00,32.4,30.6,463.0,21.7,15.4,112,,Good,1660.6,High Risk,13
489,Bengaluru,2025-12-12 14:00:00,37.3,35.4,489.0,29.8,17.9,93,,Good,1736.7,High Risk,14
490,Bengaluru,2025-12-12 15:00:00,40.7,38.9,512.0,35.5,20.2,79,,Good,1800.4,High Risk,15
491,Bengaluru,2025-12-12 16:00:00,43.5,41.4,535.0,37.1,21.9,74,,Good,1865.5,High Risk,16
492,Bengaluru,2025-12-12 17:00:00,46.9,44.6,554.0,36.2,23.4,74,,Good,1932.1,High Risk,17
493,Bengaluru,2025-12-12 18:00:00,49.1,46.7,556.0,34.3,24.3,76,,Good,1955.2,High Risk,18
494,Bengaluru,2025-12-12 19:00:00,49.4,46.7,525.0,31.2,24.3,79,,Good,1890.7,High Risk,19
495,Bengaluru,2025-12-12 20:00:00,49.8,47.0,478.0,27.1,23.9,83,,Good,1793.4,High Risk,20
496,Bengaluru,2025-12-12 21:00:00,50.5,47.6,452.0,23.5,23.7,87,,Good,1743.3,High Risk,21
497,Bengaluru,2025-12-12 22:00:00,51.5,48.3,449.0,20.4,24.1,91,,Good,1745.0,High Risk,22
498,Bengaluru,2025-12-12 23:00:00,52.4,49.1,469.0,17.9,24.9,94,,Good,1793.9,High Risk,23
499,Bengaluru,2025-12-13 00:00:00,53.2,49.7,544.0,18.0,25.8,95,,Good,1956.3,High Risk,0
500,Bengaluru,2025-12-13 01:00:00,56.5,52.9,758.0,24.1,27.6,90,,Moderate,2426.8,High Risk,1
501,Bengaluru,2025-12-13 02:00:00,64.7,61.0,1028.0,32.7,29.6,84,,Moderate,3056.3,High Risk,2
502,Bengaluru,2025-12-13 03:00:00,59.1,56.5,1141.0,35.8,29.8,86,,Moderate,3262.2,High Risk,3
503,Bengaluru,2025-12-13 04:00:00,34.3,31.5,943.0,27.6,26.7,107,,Good,2684.6,High Risk,4
504,Bengaluru,2025-12-13 05:00:00,26.8,24.4,588.0,13.9,21.8,136,,Good,1929.2,High Risk,5
505,Bengaluru,2025-12-13 06:00:00,24.7,22.8,323.0,3.7,17.9,159,,Good,1397.5,High Risk,6
506,Bengaluru,2025-12-13 07:00:00,24.7,23.0,256.0,0.6,16.1,169,,Good,1274.9,High Risk,7
507,Bengaluru,2025-12-13 08:00:00,24.9,23.1,280.0,0.9,15.2,172,,Good,1330.6,High Risk,8
508,Bengaluru,2025-12-13 09:00:00,24.8,23.1,320.0,2.7,14.6,170,,Good,1409.1,High Risk,9
509,Bengaluru,2025-12-13 10:00:00,24.7,22.9,358.0,5.5,13.9,161,,Good,1465.2,High Risk,10
510,Bengaluru,2025-12-13 11:00:00,24.9,23.2,412.0,9.7,13.5,145,,Good,1542.5,High Risk,11
511,Bengaluru,2025-12-13 12:00:00,29.2,27.8,463.0,14.6,13.8,129,,Good,1653.2,High Risk,12
512,Bengaluru,2025-12-13 13:00:00,35.5,34.1,507.0,21.1,15.3,110,,Good,1766.6,High Risk,13
513,Bengaluru,2025-12-13 14:00:00,39.2,38.0,548.0,28.3,17.5,91,,Good,1859.8,High Risk,14
514,Bengaluru,2025-12-13 15:00:00,41.2,39.8,574.0,32.8,19.3,77,,Good,1910.0,High Risk,15
515,Bengaluru,2025-12-13 16:00:00,42.6,41.2,570.0,32.9,20.2,74,,Good,1908.2,High Risk,16
516,Bengaluru,2025-12-13 17:00:00,44.0,42.6,551.0,30.4,20.6,77,,Good,1882.0,High Risk,17
517,Bengaluru,2025-12-13 18:00:00,44.2,42.7,547.0,27.3,20.8,82,,Good,1878.5,High Risk,18
518,Bengaluru,2025-12-13 19:00:00,43.7,42.1,570.0,23.7,20.6,88,,Good,1922.8,High Risk,19
519,Bengaluru,2025-12-13 20:00:00,43.7,42.1,607.0,19.4,20.2,96,,Good,2002.0,High Risk,20
520,Bengaluru,2025-12-13 21:00:00,44.4,42.8,657.0,16.0,20.2,102,,Good,2112.0,High Risk,21
521,Bengaluru,2025-12-13 22:00:00,45.2,43.5,719.0,13.5,20.9,107,,Good,2249.7,High Risk,22
522,Bengaluru,2025-12-13 23:00:00,45.9,44.4,793.0,11.9,22.0,111,,Good,2414.3,High Risk,23
523,Bengaluru,2025-12-14 00:00:00,47.4,45.8,872.0,12.5,23.1,112,,Good,2593.6,High Risk,0
524,Bengaluru,2025-12-14 01:00:00,51.6,50.1,993.0,18.1,24.5,108,,Moderate,2885.7,High Risk,1
525,Bengaluru,2025-12-14 02:00:00,61.2,59.8,1119.0,26.0,26.0,101,,Moderate,3231.6,High Risk,2
526,Bengaluru,2025-12-14 03:00:00,53.8,52.7,1133.0,29.1,26.0,102,,Moderate,3217.3,High Risk,3
527,Bengaluru,2025-12-14 04:00:00,36.0,34.7,931.0,22.6,23.4,119,,Good,2684.5,High Risk,4
528,Bengaluru,2025-12-14 05:00:00,32.9,31.5,616.0,11.4,19.4,143,,Good,2040.4,High Risk,5
529,Bengaluru,2025-12-14 06:00:00,29.3,27.9,381.0,3.0,16.3,161,,Good,1549.6,High Risk,6
530,Bengaluru,2025-12-14 07:00:00,28.0,26.6,310.0,0.5,15.0,168,,Good,1403.0,High Risk,7
531,Bengaluru,2025-12-14 08:00:00,27.7,26.1,318.0,0.9,14.5,170,,Good,1421.2,High Risk,8
532,Bengaluru,2025-12-14 09:00:00,27.6,26.0,344.0,2.6,14.3,166,,Good,1466.4,High Risk,9
533,Bengaluru,2025-12-14 10:00:00,27.5,25.7,374.0,5.4,13.9,157,,Good,1507.2,High Risk,10
534,Bengaluru,2025-12-14 11:00:00,27.8,26.0,421.0,9.5,13.7,142,,Good,1574.2,High Risk,11
535,Bengaluru,2025-12-14 12:00:00,32.6,31.2,462.0,14.6,14.3,126,,Good,1671.4,High Risk,12
536,Bengaluru,2025-12-14 13:00:00,39.6,38.1,476.0,21.7,16.2,107,,Good,1733.9,High Risk,13
537,Bengaluru,2025-12-14 14:00:00,43.9,42.5,484.0,29.7,18.8,86,,Good,1764.2,High Risk,14
538,Bengaluru,2025-12-14 15:00:00,47.0,45.6,525.0,34.8,20.9,72,,Good,1857.8,High Risk,15
539,Bengaluru,2025-12-14 16:00:00,49.7,48.3,621.0,34.8,21.9,68,,Good,2063.4,High Risk,16
540,Bengaluru,2025-12-14 17:00:00,51.3,49.9,750.0,31.7,22.4,71,,Good,2332.8,High Risk,17
541,Bengaluru,2025-12-14 18:00:00,51.8,50.3,883.0,28.2,22.7,75,,Moderate,2601.5,High Risk,18
542,Bengaluru,2025-12-14 19:00:00,51.5,49.9,1053.0,24.5,22.8,80,,Good,2939.2,High Risk,19
543,Bengaluru,2025-12-14 20:00:00,51.9,50.3,1227.0,20.4,22.7,87,,Moderate,3294.6,High Risk,20
544,Bengaluru,2025-12-14 21:00:00,52.7,51.0,1278.0,17.1,23.0,93,,Moderate,3408.5,High Risk,21
545,Bengaluru,2025-12-14 22:00:00,53.6,51.8,1069.0,14.8,23.9,98,,Moderate,3006.6,High Risk,22
546,Bengaluru,2025-12-14 23:00:00,54.4,52.6,736.0,13.3,25.2,102,,Moderate,2358.2,High Risk,23
547,Bengaluru,2025-12-15 00:00:00,56.1,54.4,552.5,14.0,26.6,104,,Moderate,2019.7,High Risk,0
548,Bengaluru,2025-12-15 01:00:00,61.0,59.3,555.5,19.5,28.5,101,,Moderate,2085.5,High Risk,1
549,Bengaluru,2025-12-15 02:00:00,71.5,69.6,664.8,27.1,30.6,97,,Moderate,2413.9,High Risk,2
550,Bengaluru,2025-12-15 03:00:00,59.1,58.0,745.0,30.0,31.0,101,,Moderate,2504.3,High Risk,3
551,Bengaluru,2025-12-15 04:00:00,43.0,41.6,644.0,23.2,28.5,121,,Good,2194.8,High Risk,4
552,Bengaluru,2025-12-15 05:00:00,38.3,36.9,475.0,11.7,24.3,148,,Good,1837.4,High Risk,5
553,Bengaluru,2025-12-15 06:00:00,35.4,33.9,347.0,3.1,20.8,168,,Good,1569.3,High Risk,6
554,Bengaluru,2025-12-15 07:00:00,34.2,32.6,307.0,0.6,18.8,174,,Good,1479.2,High Risk,7
555,Bengaluru,2025-12-15 08:00:00,34.0,32.4,308.0,1.1,17.5,172,,Good,1470.4,High Risk,8
556,Bengaluru,2025-12-15 09:00:00,34.0,32.2,321.0,2.5,16.6,167,,Good,1482.4,High Risk,9
557,Bengaluru,2025-12-15 10:00:00,34.2,32.5,345.0,4.9,16.0,156,,Good,1506.7,High Risk,10
558,Bengaluru,2025-12-15 11:00:00,35.0,33.3,381.0,8.4,15.8,142,,Good,1556.3,High Risk,11
559,Bengaluru,2025-12-15 12:00:00,38.5,37.1,407.0,10.9,15.7,131,,Good,1614.4,High Risk,12
560,Bengaluru,2025-12-11 00:00:00,30.4,29.5,348.0,8.4,20.8,92,0.0,Good,1327.5,High Risk,0
561,Bengaluru,2025-12-11 01:00:00,29.7,29.0,515.0,12.1,20.7,86,0.0,Good,1653.3,High Risk,1
562,Bengaluru,2025-12-11 02:00:00,30.7,30.2,730.0,17.6,21.2,79,0.45,Good,2095.3,High Risk,2
563,Bengaluru,2025-12-11 03:00:00,27.4,27.1,830.0,19.9,20.9,82,1.8,Good,2286.9,High Risk,3
564,Bengaluru,2025-12-11 04:00:00,22.0,21.7,701.0,16.0,18.8,105,4.05,Good,2030.7,High Risk,4
565,Bengaluru,2025-12-11 05:00:00,18.9,18.5,458.0,9.1,15.8,139,6.35,Good,1581.8,High Risk,5
566,Bengaluru,2025-12-11 06:00:00,17.2,16.8,274.0,3.8,13.3,163,7.85,Good,1241.0,High Risk,6
567,Bengaluru,2025-12-11 07:00:00,16.6,16.3,223.0,1.9,11.7,171,7.9,Good,1144.7,High Risk,7
568,Bengaluru,2025-12-11 08:00:00,16.0,15.7,231.0,1.6,10.6,169,6.45,Good,1144.3,High Risk,8
569,Bengaluru,2025-12-11 09:00:00,15.3,15.0,260.0,2.7,9.8,163,4.15,Good,1179.9,High Risk,9
570,Bengaluru,2025-12-11 10:00:00,15.0,14.6,303.0,5.2,9.2,152,1.9,Good,1237.6,High Risk,10
571,Bengaluru,2025-12-11 11:00:00,15.0,14.6,366.0,9.1,8.9,136,0.5,Good,1330.0,High Risk,11
572,Bengaluru,2025-12-11 12:00:00,18.4,18.1,423.0,13.9,9.4,119,0.0,Good,1441.9,High Risk,12
573,Bengaluru,2025-12-11 13:00:00,24.3,24.0,471.0,20.6,11.2,102,0.0,Good,1568.1,High Risk,13
574,Bengaluru,2025-12-11 14:00:00,28.2,27.8,514.0,28.2,13.7,84,0.0,Good,1671.2,High Risk,14
575,Bengaluru,2025-12-11 15:00:00,30.7,30.3,540.0,33.5,16.0,72,0.0,Good,1737.6,High Risk,15
576,Bengaluru,2025-12-11 16:00:00,32.9,32.5,546.0,35.1,17.7,68,0.0,Good,1768.4,High Risk,16
577,Bengaluru,2025-12-11 17:00:00,35.5,34.9,536.0,34.4,19.2,68,0.0,Good,1771.4,High Risk,17
578,Bengaluru,2025-12-11 18:00:00,37.3,36.6,509.0,32.7,20.4,70,0.0,Good,1735.3,High Risk,18
579,Bengaluru,2025-12-11 19:00:00,37.6,36.8,452.0,29.9,21.0,72,0.0,Good,1620.4,High Risk,19
580,Bengaluru,2025-12-11 20:00:00,38.0,37.0,378.0,26.1,21.3,74,0.0,Good,1466.6,High Risk,20
581,Bengaluru,2025-12-11 21:00:00,38.4,37.4,332.0,22.8,21.9,77,0.0,Good,1376.0,High Risk,21
582,Bengaluru,2025-12-11 22:00:00,38.3,37.1,299.0,19.9,23.1,80,0.0,Good,1310.4,High Risk,22
583,Bengaluru,2025-12-11 23:00:00,38.2,36.9,293.0,17.4,24.7,82,0.0,Good,1299.5,High Risk,23
584,Bengaluru,2025-12-12 00:00:00,38.5,37.0,401.0,17.0,26.2,83,0.0,Good,1524.3,High Risk,0
585,Bengaluru,2025-12-12 01:00:00,42.1,40.5,775.0,21.4,28.0,77,0.0,Good,2307.4,High Risk,1
586,Bengaluru,2025-12-12 02:00:00,50.4,48.8,1262.0,27.9,29.6,69,0.45,Good,3356.2,High Risk,2
587,Bengaluru,2025-12-12 03:00:00,43.1,42.0,1500.0,30.1,29.9,72,1.8,Good,3795.3,High Risk,3
588,Bengaluru,2025-12-12 04:00:00,25.7,24.4,1241.0,23.4,27.7,96,4.1,Good,3173.5,High Risk,4
589,Bengaluru,2025-12-12 05:00:00,20.8,19.5,731.0,12.3,24.0,131,6.45,Good,2160.1,High Risk,5
590,Bengaluru,2025-12-12 06:00:00,19.8,18.2,345.0,4.0,20.7,157,7.95,Good,1410.2,High Risk,6
591,Bengaluru,2025-12-12 07:00:00,20.0,18.1,243.0,1.2,18.3,168,7.95,Good,1218.5,High Risk,7
592,Bengaluru,2025-12-12 08:00:00,20.1,18.1,264.0,1.2,16.2,171,6.45,Good,1261.4,High Risk,8
593,Bengaluru,2025-12-12 09:00:00,20.3,18.2,304.0,2.7,14.7,169,4.1,Good,1336.5,High Risk,9
594,Bengaluru,2025-12-12 10:00:00,20.7,18.6,336.0,5.4,13.7,160,1.9,Good,1383.5,High Risk,10
595,Bengaluru,2025-12-12 11:00:00,21.3,19.3,386.0,9.5,13.3,146,0.5,Good,1461.6,High Risk,11
596,Bengaluru,2025-12-12 12:00:00,25.6,23.9,431.0,14.6,13.7,130,0.0,Good,1561.5,High Risk,12
597,Bengaluru,2025-12-12 13:00:00,32.4,30.6,463.0,21.7,15.4,112,0.0,Good,1660.6,High Risk,13
598,Bengaluru,2025-12-12 14:00:00,37.3,35.4,489.0,29.8,17.9,93,0.0,Good,1736.7,High Risk,14
599,Bengaluru,2025-12-12 15:00:00,40.7,38.9,512.0,35.5,20.2,79,0.0,Good,1800.4,High Risk,15
600,Bengaluru,2025-12-12 16:00:00,43.5,41.4,535.0,37.1,21.9,74,0.0,Good,1865.5,High Risk,16
601,Bengaluru,2025-12-12 17:00:00,46.9,44.6,554.0,36.2,23.4,74,0.0,Good,1932.1,High Risk,17
602,Bengaluru,2025-12-12 18:00:00,49.1,46.7,556.0,34.3,24.3,76,0.0,Good,1955.2,High Risk,18
603,Bengaluru,2025-12-12 19:00:00,49.4,46.7,525.0,31.2,24.3,79,0.0,Good,1890.7,High Risk,19
604,Bengaluru,2025-12-12 20:00:00,49.8,47.0,478.0,27.1,23.9,83,0.0,Good,1793.4,High Risk,20
605,Bengaluru,2025-12-12 21:00:00,50.5,47.6,452.0,23.5,23.7,87,0.0,Good,1743.3,High Risk,21
606,Bengaluru,2025-12-12 22:00:00,51.5,48.3,449.0,20.4,24.1,91,0.0,Good,1745.0,High Risk,22
607,Bengaluru,2025-12-12 23:00:00,52.4,49.1,469.0,17.9,24.9,94,0.0,Good,1793.9,High Risk,23
608,Bengaluru,2025-12-13 00:00:00,53.2,49.7,544.0,18.0,25.8,95,0.0,Good,1956.3,High Risk,0
609,Bengaluru,2025-12-13 01:00:00,56.5,52.9,758.0,24.1,27.6,90,0.0,Moderate,2426.8,High Risk,1
610,Bengaluru,2025-12-13 02:00:00,64.7,61.0,1028.0,32.7,29.6,84,0.4,Moderate,3056.3,High Risk,2
611,Bengaluru,2025-12-13 03:00:00,59.1,56.5,1141.0,35.8,29.8,86,1.7,Moderate,3262.2,High Risk,3
612,Bengaluru,2025-12-13 04:00:00,34.3,31.5,943.0,27.6,26.7,107,3.9,Good,2684.6,High Risk,4
613,Bengaluru,2025-12-13 05:00:00,26.8,24.4,588.0,13.9,21.8,136,6.15,Good,1929.2,High Risk,5
614,Bengaluru,2025-12-13 06:00:00,24.7,22.8,323.0,3.7,17.9,159,7.6,Good,1397.5,High Risk,6
615,Bengaluru,2025-12-13 07:00:00,24.7,23.0,256.0,0.6,16.1,169,7.6,Good,1274.9,High Risk,7
616,Bengaluru,2025-12-13 08:00:00,24.9,23.1,280.0,0.9,15.2,172,6.2,Good,1330.6,High Risk,8
617,Bengaluru,2025-12-13 09:00:00,24.8,23.1,320.0,2.7,14.6,170,4.0,Good,1409.1,High Risk,9
618,Bengaluru,2025-12-13 10:00:00,24.7,22.9,358.0,5.5,13.9,161,1.85,Good,1465.2,High Risk,10
619,Bengaluru,2025-12-13 11:00:00,24.9,23.2,412.0,9.7,13.5,145,0.5,Good,1542.5,High Risk,11
620,Bengaluru,2025-12-13 12:00:00,29.2,27.8,463.0,14.6,13.8,129,0.0,Good,1653.2,High Risk,12
621,Bengaluru,2025-12-13 13:00:00,35.5,34.1,507.0,21.1,15.3,110,0.0,Good,1766.6,High Risk,13
622,Bengaluru,2025-12-13 14:00:00,39.2,38.0,548.0,28.3,17.5,91,0.0,Good,1859.8,High Risk,14
623,Bengaluru,2025-12-13 15:00:00,41.2,39.8,574.0,32.8,19.3,77,0.0,Good,1910.0,High Risk,15
624,Bengaluru,2025-12-13 16:00:00,42.6,41.2,570.0,32.9,20.2,74,0.0,Good,1908.2,High Risk,16
625,Bengaluru,2025-12-13 17:00:00,44.0,42.6,551.0,30.4,20.6,77,0.0,Good,1882.0,High Risk,17
626,Bengaluru,2025-12-13 18:00:00,44.2,42.7,547.0,27.3,20.8,82,0.0,Good,1878.5,High Risk,18
627,Bengaluru,2025-12-13 19:00:00,43.7,42.1,570.0,23.7,20.6,88,0.0,Good,1922.8,High Risk,19
628,Bengaluru,2025-12-13 20:00:00,43.7,42.1,607.0,19.4,20.2,96,0.0,Good,2002.0,High Risk,20
629,Bengaluru,2025-12-13 21:00:00,44.4,42.8,657.0,16.0,20.2,102,0.0,Good,2112.0,High Risk,21
630,Bengaluru,2025-12-13 22:00:00,45.2,43.5,719.0,13.5,20.9,107,0.0,Good,2249.7,High Risk,22
631,Bengaluru,2025-12-13 23:00:00,45.9,44.4,793.0,11.9,22.0,111,0.0,Good,2414.3,High Risk,23
632,Bengaluru,2025-12-14 00:00:00,47.4,45.8,872.0,12.5,23.1,112,0.0,Good,2593.6,High Risk,0
633,Bengaluru,2025-12-14 01:00:00,51.6,50.1,993.0,18.1,24.5,108,0.0,Moderate,2885.7,High Risk,1
634,Bengaluru,2025-12-14 02:00:00,61.2,59.8,1119.0,26.0,26.0,101,0.4,Moderate,3231.6,High Risk,2
635,Bengaluru,2025-12-14 03:00:00,53.8,52.7,1133.0,29.1,26.0,102,1.65,Moderate,3217.3,High Risk,3
636,Bengaluru,2025-12-14 04:00:00,36.0,34.7,931.0,22.6,23.4,119,3.7,Good,2684.5,High Risk,4
637,Bengaluru,2025-12-14 05:00:00,32.9,31.5,616.0,11.4,19.4,143,5.9,Good,2040.4,High Risk,5
638,Bengaluru,2025-12-14 06:00:00,29.3,27.9,381.0,3.0,16.3,161,7.3,Good,1549.6,High Risk,6
639,Bengaluru,2025-12-14 07:00:00,28.0,26.6,310.0,0.5,15.0,168,7.35,Good,1403.0,High Risk,7
640,Bengaluru,2025-12-14 08:00:00,27.7,26.1,318.0,0.9,14.5,170,6.05,Good,1421.2,High Risk,8
641,Bengaluru,2025-12-14 09:00:00,27.6,26.0,344.0,2.6,14.3,166,3.9,Good,1466.4,High Risk,9
642,Bengaluru,2025-12-14 10:00:00,27.5,25.7,374.0,5.4,13.9,157,1.8,Good,1507.2,High Risk,10
643,Bengaluru,2025-12-14 11:00:00,27.8,26.0,421.0,9.5,13.7,142,0.45,Good,1574.2,High Risk,11
644,Bengaluru,2025-12-14 12:00:00,32.6,31.2,462.0,14.6,14.3,126,0.0,Good,1671.4,High Risk,12
645,Bengaluru,2025-12-14 13:00:00,39.6,38.1,476.0,21.7,16.2,107,0.0,Good,1733.9,High Risk,13
646,Bengaluru,2025-12-14 14:00:00,43.9,42.5,484.0,29.7,18.8,86,0.0,Good,1764.2,High Risk,14
647,Bengaluru,2025-12-14 15:00:00,47.0,45.6,525.0,34.8,20.9,72,0.0,Good,1857.8,High Risk,15
648,Bengaluru,2025-12-14 16:00:00,49.7,48.3,621.0,34.8,21.9,68,0.0,Good,2063.4,High Risk,16
649,Bengaluru,2025-12-14 17:00:00,51.3,49.9,750.0,31.7,22.4,71,0.0,Good,2332.8,High Risk,17
650,Bengaluru,2025-12-14 18:00:00,51.8,50.3,883.0,28.2,22.7,75,0.0,Moderate,2601.5,High Risk,18
651,Bengaluru,2025-12-14 19:00:00,51.5,49.9,1053.0,24.5,22.8,80,0.0,Good,2939.2,High Risk,19
652,Bengaluru,2025-12-14 20:00:00,51.9,50.3,1227.0,20.4,22.7,87,0.0,Moderate,3294.6,High Risk,20
653,Bengaluru,2025-12-14 21:00:00,52.7,51.0,1278.0,17.1,23.0,93,0.0,Moderate,3408.5,High Risk,21
654,Bengaluru,2025-12-14 22:00:00,53.6,51.8,1069.0,14.8,23.9,98,0.0,Moderate,3006.6,High Risk,22
655,Bengaluru,2025-12-14 23:00:00,54.4,52.6,736.0,13.3,25.2,102,0.0,Moderate,2358.2,High Risk,23
656,Bengaluru,2025-12-15 00:00:00,56.1,54.4,552.5,14.0,26.6,104,0.0,Moderate,2019.7,High Risk,0
657,Bengaluru,2025-12-15 01:00:00,61.0,59.3,555.5,19.5,28.5,101,0.0,Moderate,2085.5,High Risk,1
658,Bengaluru,2025-12-15 02:00:00,71.5,69.6,664.8,27.1,30.6,97,0.35,Moderate,2413.9,High Risk,2
659,Bengaluru,2025-12-15 03:00:00,59.1,58.0,745.0,30.0,31.0,101,1.5,Moderate,2504.3,High Risk,3
660,Bengaluru,2025-12-15 04:00:00,43.0,41.6,644.0,23.2,28.5,121,3.45,Good,2194.8,High Risk,4
661,Bengaluru,2025-12-15 05:00:00,38.3,36.9,475.0,11.7,24.3,148,5.55,Good,1837.4,High Risk,5
662,Bengaluru,2025-12-15 06:00:00,35.4,33.9,347.0,3.1,20.8,168,6.9,Good,1569.3,High Risk,6
663,Bengaluru,2025-12-15 07:00:00,34.2,32.6,307.0,0.6,18.8,174,6.95,Good,1479.2,High Risk,7
664,Bengaluru,2025-12-15 08:00:00,34.0,32.4,308.0,1.1,17.5,172,5.7,Good,1470.4,High Risk,8
665,Bengaluru,2025-12-15 09:00:00,34.0,32.2,321.0,2.5,16.6,167,3.65,Good,1482.4,High Risk,9
666,Bengaluru,2025-12-15 10:00:00,34.2,32.5,345.0,4.9,16.0,156,1.7,Good,1506.7,High Risk,10
667,Bengaluru,2025-12-15 11:00:00,35.0,33.3,381.0,8.4,15.8,142,0.45,Good,1556.3,High Risk,11
668,Bengaluru,2025-12-15 12:00:00,38.5,37.1,407.0,10.9,15.7,131,0.0,Good,1614.4,High Risk,12
669,Delhi,2025-12-11 00:00:00,30.4,29.5,348.0,8.4,20.8,92,,Good,1327.5,High Risk,0
670,Delhi,2025-12-11 01:00:00,29.7,29.0,515.0,12.1,20.7,86,,Good,1653.3,High Risk,1
671,Delhi,2025-12-11 02:00:00,30.7,30.2,730.0,17.6,21.2,79,,Good,2095.3,High Risk,2
672,Delhi,2025-12-11 03:00:00,27.4,27.1,830.0,19.9,20.9,82,,Good,2286.9,High Risk,3
673,Delhi,2025-12-11 04:00:00,22.0,21.7,701.0,16.0,18.8,105,,Good,2030.7,High Risk,4
674,Delhi,2025-12-11 05:00:00,18.9,18.5,458.0,9.1,15.8,139,,Good,1581.8,High Risk,5
675,Delhi,2025-12-11 06:00:00,17.2,16.8,274.0,3.8,13.3,163,,Good,1241.0,High Risk,6
676,Delhi,2025-12-11 07:00:00,16.6,16.3,223.0,1.9,11.7,171,,Good,1144.7,High Risk,7
677,Delhi,2025-12-11 08:00:00,16.0,15.7,231.0,1.6,10.6,169,,Good,1144.3,High Risk,8
678,Delhi,2025-12-11 09:00:00,15.3,15.0,260.0,2.7,9.8,163,,Good,1179.9,High Risk,9
679,Delhi,2025-12-11 10:00:00,15.0,14.6,303.0,5.2,9.2,152,,Good,1237.6,High Risk,10
680,Delhi,2025-12-11 11:00:00,15.0,14.6,366.0,9.1,8.9,136,,Good,1330.0,High Risk,11
681,Delhi,2025-12-11 12:00:00,18.4,18.1,423.0,13.9,9.4,119,,Good,1441.9,High Risk,12
682,Delhi,2025-12-11 13:00:00,24.3,24.0,471.0,20.6,11.2,102,,Good,1568.1,High Risk,13
683,Delhi,2025-12-11 14:00:00,28.2,27.8,514.0,28.2,13.7,84,,Good,1671.2,High Risk,14
684,Delhi,2025-12-11 15:00:00,30.7,30.3,540.0,33.5,16.0,72,,Good,1737.6,High Risk,15
685,Delhi,2025-12-11 16:00:00,32.9,32.5,546.0,35.1,17.7,68,,Good,1768.4,High Risk,16
686,Delhi,2025-12-11 17:00:00,35.5,34.9,536.0,34.4,19.2,68,,Good,1771.4,High Risk,17
687,Delhi,2025-12-11 18:00:00,37.3,36.6,509.0,32.7,20.4,70,,Good,1735.3,High Risk,18
688,Delhi,2025-12-11 19:00:00,37.6,36.8,452.0,29.9,21.0,72,,Good,1620.4,High Risk,19
689,Delhi,2025-12-11 20:00:00,38.0,37.0,378.0,26.1,21.3,74,,Good,1466.6,High Risk,20
690,Delhi,2025-12-11 21:00:00,38.4,37.4,332.0,22.8,21.9,77,,Good,1376.0,High Risk,21
691,Delhi,2025-12-11 22:00:00,38.3,37.1,299.0,19.9,23.1,80,,Good,1310.4,High Risk,22
692,Delhi,2025-12-11 23:00:00,38.2,36.9,293.0,17.4,24.7,82,,Good,1299.5,High Risk,23
693,Delhi,2025-12-12 00:00:00,38.5,37.0,401.0,17.0,26.2,83,,Good,1524.3,High Risk,0
694,Delhi,2025-12-12 01:00:00,42.1,40.5,775.0,21.4,28.0,77,,Good,2307.4,High Risk,1
695,Delhi,2025-12-12 02:00:00,50.4,48.8,1262.0,27.9,29.6,69,,Good,3356.2,High Risk,2
696,Delhi,2025-12-12 03:00:00,43.1,42.0,1500.0,30.1,29.9,72,,Good,3795.3,High Risk,3
697,Delhi,2025-12-12 04:00:00,25.7,24.4,1241.0,23.4,27.7,96,,Good,3173.5,High Risk,4
698,Delhi,2025-12-12 05:00:00,20.8,19.5,731.0,12.3,24.0,131,,Good,2160.1,High Risk,5
699,Delhi,2025-12-12 06:00:00,19.8,18.2,345.0,4.0,20.7,157,,Good,1410.2,High Risk,6
700,Delhi,2025-12-12 07:00:00,20.0,18.1,243.0,1.2,18.3,168,,Good,1218.5,High Risk,7
701,Delhi,2025-12-12 08:00:00,20.1,18.1,264.0,1.2,16.2,171,,Good,1261.4,High Risk,8
702,Delhi,2025-12-12 09:00:00,20.3,18.2,304.0,2.7,14.7,169,,Good,1336.5,High Risk,9
703,Delhi,2025-12-12 10:00:00,20.7,18.6,336.0,5.4,13.7,160,,Good,1383.5,High Risk,10
704,Delhi,2025-12-12 11:00:00,21.3,19.3,386.0,9.5,13.3,146,,Good,1461.6,High Risk,11
705,Delhi,2025-12-12 12:00:00,25.6,23.9,431.0,14.6,13.7,130,,Good,1561.5,High Risk,12
706,Delhi,2025-12-12 13:00:00,32.4,30.6,463.0,21.7,15.4,112,,Good,1660.6,High Risk,13
707,Delhi,2025-12-12 14:00:00,37.3,35.4,489.0,29.8,17.9,93,,Good,1736.7,High Risk,14
708,Delhi,2025-12-12 15:00:00,40.7,38.9,512.0,35.5,20.2,79,,Good,1800.4,High Risk,15
709,Delhi,2025-12-12 16:00:00,43.5,41.4,535.0,37.1,21.9,74,,Good,1865.5,High Risk,16
710,Delhi,2025-12-12 17:00:00,46.9,44.6,554.0,36.2,23.4,74,,Good,1932.1,High Risk,17
711,Delhi,2025-12-12 18:00:00,49.1,46.7,556.0,34.3,24.3,76,,Good,1955.2,High Risk,18
712,Delhi,2025-12-12 19:00:00,49.4,46.7,525.0,31.2,24.3,79,,Good,1890.7,High Risk,19
713,Delhi,2025-12-12 20:00:00,49.8,47.0,478.0,27.1,23.9,83,,Good,1793.4,High Risk,20
714,Delhi,2025-12-12 21:00:00,50.5,47.6,452.0,23.5,23.7,87,,Good,1743.3,High Risk,21
715,Delhi,2025-12-12 22:00:00,51.5,48.3,449.0,20.4,24.1,91,,Good,1745.0,High Risk,22
716,Delhi,2025-12-12 23:00:00,52.4,49.1,469.0,17.9,24.9,94,,Good,1793.9,High Risk,23
717,Delhi,2025-12-13 00:00:00,53.2,49.7,544.0,18.0,25.8,95,,Good,1956.3,High Risk,0
718,Delhi,2025-12-13 01:00:00,56.5,52.9,758.0,24.1,27.6,90,,Moderate,2426.8,High Risk,1
719,Delhi,2025-12-13 02:00:00,64.7,61.0,1028.0,32.7,29.6,84,,Moderate,3056.3,High Risk,2
720,Delhi,2025-12-13 03:00:00,59.1,56.5,1141.0,35.8,29.8,86,,Moderate,3262.2,High Risk,3
721,Delhi,2025-12-13 04:00:00,34.3,31.5,943.0,27.6,26.7,107,,Good,2684.6,High Risk,4
722,Delhi,2025-12-13 05:00:00,26.8,24.4,588.0,13.9,21.8,136,,Good,1929.2,High Risk,5
723,Delhi,2025-12-13 06:00:00,24.7,22.8,323.0,3.7,17.9,159,,Good,1397.5,High Risk,6
724,Delhi,2025-12-13 07:00:00,24.7,23.0,256.0,0.6,16.1,169,,Good,1274.9,High Risk,7
725,Delhi,2025-12-13 08:00:00,24.9,23.1,280.0,0.9,15.2,172,,Good,1330.6,High Risk,8
726,Delhi,2025-12-13 09:00:00,24.8,23.1,320.0,2.7,14.6,170,,Good,1409.1,High Risk,9
727,Delhi,2025-12-13 10:00:00,24.7,22.9,358.0,5.5,13.9,161,,Good,1465.2,High Risk,10
728,Delhi,2025-12-13 11:00:00,24.9,23.2,412.0,9.7,13.5,145,,Good,1542.5,High Risk,11
729,Delhi,2025-12-13 12:00:00,29.2,27.8,463.0,14.6,13.8,129,,Good,1653.2,High Risk,12
730,Delhi,2025-12-13 13:00:00,35.5,34.1,507.0,21.1,15.3,110,,Good,1766.6,High Risk,13
731,Delhi,2025-12-13 14:00:00,39.2,38.0,548.0,28.3,17.5,91,,Good,1859.8,High Risk,14
732,Delhi,2025-12-13 15:00:00,41.2,39.8,574.0,32.8,19.3,77,,Good,1910.0,High Risk,15
733,Delhi,2025-12-13 16:00:00,42.6,41.2,570.0,32.9,20.2,74,,Good,1908.2,High Risk,16
734,Delhi,2025-12-13 17:00:00,44.0,42.6,551.0,30.4,20.6,77,,Good,1882.0,High Risk,17
735,Delhi,2025-12-13 18:00:00,44.2,42.7,547.0,27.3,20.8,82,,Good,1878.5,High Risk,18
736,Delhi,2025-12-13 19:00:00,43.7,42.1,570.0,23.7,20.6,88,,Good,1922.8,High Risk,19
737,Delhi,2025-12-13 20:00:00,43.7,42.1,607.0,19.4,20.2,96,,Good,2002.0,High Risk,20
738,Delhi,2025-12-13 21:00:00,44.4,42.8,657.0,16.0,20.2,102,,Good,2112.0,High Risk,21
739,Delhi,2025-12-13 22:00:00,45.2,43.5,719.0,13.5,20.9,107,,Good,2249.7,High Risk,22
740,Delhi,2025-12-13 23:00:00,45.9,44.4,793.0,11.9,22.0,111,,Good,2414.3,High Risk,23
741,Delhi,2025-12-14 00:00:00,47.4,45.8,872.0,12.5,23.1,112,,Good,2593.6,High Risk,0
742,Delhi,2025-12-14 01:00:00,51.6,50.1,993.0,18.1,24.5,108,,Moderate,2885.7,High Risk,1
743,Delhi,2025-12-14 02:00:00,61.2,59.8,1119.0,26.0,26.0,101,,Moderate,3231.6,High Risk,2
744,Delhi,2025-12-14 03:00:00,53.8,52.7,1133.0,29.1,26.0,102,,Moderate,3217.3,High Risk,3
745,Delhi,2025-12-14 04:00:00,36.0,34.7,931.0,22.6,23.4,119,,Good,2684.5,High Risk,4
746,Delhi,2025-12-14 05:00:00,32.9,31.5,616.0,11.4,19.4,143,,Good,2040.4,High Risk,5
747,Delhi,2025-12-14 06:00:00,29.3,27.9,381.0,3.0,16.3,161,,Good,1549.6,High Risk,6
748,Delhi,2025-12-14 07:00:00,28.0,26.6,310.0,0.5,15.0,168,,Good,1403.0,High Risk,7
749,Delhi,2025-12-14 08:00:00,27.7,26.1,318.0,0.9,14.5,170,,Good,1421.2,High Risk,8
750,Delhi,2025-12-14 09:00:00,27.6,26.0,344.0,2.6,14.3,166,,Good,1466.4,High Risk,9
751,Delhi,2025-12-14 10:00:00,27.5,25.7,374.0,5.4,13.9,157,,Good,1507.2,High Risk,10
752,Delhi,2025-12-14 11:00:00,27.8,26.0,421.0,9.5,13.7,142,,Good,1574.2,High Risk,11
753,Delhi,2025-12-14 12:00:00,32.6,31.2,462.0,14.6,14.3,126,,Good,1671.4,High Risk,12
754,Delhi,2025-12-14 13:00:00,39.6,38.1,476.0,21.7,16.2,107,,Good,1733.9,High Risk,13
755,Delhi,2025-12-14 14:00:00,43.9,42.5,484.0,29.7,18.8,86,,Good,1764.2,High Risk,14
756,Delhi,2025-12-14 15:00:00,47.0,45.6,525.0,34.8,20.9,72,,Good,1857.8,High Risk,15
757,Delhi,2025-12-14 16:00:00,49.7,48.3,621.0,34.8,21.9,68,,Good,2063.4,High Risk,16
758,Delhi,2025-12-14 17:00:00,51.3,49.9,750.0,31.7,22.4,71,,Good,2332.8,High Risk,17
759,Delhi,2025-12-14 18:00:00,51.8,50.3,883.0,28.2,22.7,75,,Moderate,2601.5,High Risk,18
760,Delhi,2025-12-14 19:00:00,51.5,49.9,1053.0,24.5,22.8,80,,Good,2939.2,High Risk,19
761,Delhi,2025-12-14 20:00:00,51.9,50.3,1227.0,20.4,22.7,87,,Moderate,3294.6,High Risk,20
762,Delhi,2025-12-14 21:00:00,52.7,51.0,1278.0,17.1,23.0,93,,Moderate,3408.5,High Risk,21
763,Delhi,2025-12-14 22:00:00,53.6,51.8,1069.0,14.8,23.9,98,,Moderate,3006.6,High Risk,22
764,Delhi,2025-12-14 23:00:00,54.4,52.6,736.0,13.3,25.2,102,,Moderate,2358.2,High Risk,23
765,Delhi,2025-12-15 00:00:00,56.1,54.4,552.5,14.0,26.6,104,,Moderate,2019.7,High Risk,0
766,Delhi,2025-12-15 01:00:00,61.0,59.3,555.5,19.5,28.5,101,,Moderate,2085.5,High Risk,1
767,Delhi,2025-12-15 02:00:00,71.5,69.6,664.8,27.1,30.6,97,,Moderate,2413.9,High Risk,2
768,Delhi,2025-12-15 03:00:00,59.1,58.0,745.0,30.0,31.0,101,,Moderate,2504.3,High Risk,3
769,Delhi,2025-12-15 04:00:00,43.0,41.6,644.0,23.2,28.5,121,,Good,2194.8,High Risk,4
770,Delhi,2025-12-15 05:00:00,38.3,36.9,475.0,11.7,24.3,148,,Good,1837.4,High Risk,5
771,Delhi,2025-12-15 06:00:00,35.4,33.9,347.0,3.1,20.8,168,,Good,1569.3,High Risk,6
772,Delhi,2025-12-15 07:00:00,34.2,32.6,307.0,0.6,18.8,174,,Good,1479.2,High Risk,7
773,Delhi,2025-12-15 08:00:00,34.0,32.4,308.0,1.1,17.5,172,,Good,1470.4,High Risk,8
774,Delhi,2025-12-15 09:00:00,34.0,32.2,321.0,2.5,16.6,167,,Good,1482.4,High Risk,9
775,Delhi,2025-12-15 10:00:00,34.2,32.5,345.0,4.9,16.0,156,,Good,1506.7,High Risk,10
776,Delhi,2025-12-15 11:00:00,35.0,33.3,381.0,8.4,15.8,142,,Good,1556.3,High Risk,11
777,Delhi,2025-12-15 12:00:00,38.5,37.1,407.0,10.9,15.7,131,,Good,1614.4,High Risk,12
778,Delhi,2025-12-11 00:00:00,30.4,29.5,348.0,8.4,20.8,92,0.0,Good,1327.5,High Risk,0
779,Delhi,2025-12-11 01:00:00,29.7,29.0,515.0,12.1,20.7,86,0.0,Good,1653.3,High Risk,1
780,Delhi,2025-12-11 02:00:00,30.7,30.2,730.0,17.6,21.2,79,0.45,Good,2095.3,High Risk,2
781,Delhi,2025-12-11 03:00:00,27.4,27.1,830.0,19.9,20.9,82,1.8,Good,2286.9,High Risk,3
782,Delhi,2025-12-11 04:00:00,22.0,21.7,701.0,16.0,18.8,105,4.05,Good,2030.7,High Risk,4
783,Delhi,2025-12-11 05:00:00,18.9,18.5,458.0,9.1,15.8,139,6.35,Good,1581.8,High Risk,5
784,Delhi,2025-12-11 06:00:00,17.2,16.8,274.0,3.8,13.3,163,7.85,Good,1241.0,High Risk,6
785,Delhi,2025-12-11 07:00:00,16.6,16.3,223.0,1.9,11.7,171,7.9,Good,1144.7,High Risk,7
786,Delhi,2025-12-11 08:00:00,16.0,15.7,231.0,1.6,10.6,169,6.45,Good,1144.3,High Risk,8
787,Delhi,2025-12-11 09:00:00,15.3,15.0,260.0,2.7,9.8,163,4.15,Good,1179.9,High Risk,9
788,Delhi,2025-12-11 10:00:00,15.0,14.6,303.0,5.2,9.2,152,1.9,Good,1237.6,High Risk,10
789,Delhi,2025-12-11 11:00:00,15.0,14.6,366.0,9.1,8.9,136,0.5,Good,1330.0,High Risk,11
790,Delhi,2025-12-11 12:00:00,18.4,18.1,423.0,13.9,9.4,119,0.0,Good,1441.9,High Risk,12
791,Delhi,2025-12-11 13:00:00,24.3,24.0,471.0,20.6,11.2,102,0.0,Good,1568.1,High Risk,13
792,Delhi,2025-12-11 14:00:00,28.2,27.8,514.0,28.2,13.7,84,0.0,Good,1671.2,High Risk,14
793,Delhi,2025-12-11 15:00:00,30.7,30.3,540.0,33.5,16.0,72,0.0,Good,1737.6,High Risk,15
794,Delhi,2025-12-11 16:00:00,32.9,32.5,546.0,35.1,17.7,68,0.0,Good,1768.4,High Risk,16
795,Delhi,2025-12-11 17:00:00,35.5,34.9,536.0,34.4,19.2,68,0.0,Good,1771.4,High Risk,17
796,Delhi,2025-12-11 18:00:00,37.3,36.6,509.0,32.7,20.4,70,0.0,Good,1735.3,High Risk,18
797,Delhi,2025-12-11 19:00:00,37.6,36.8,452.0,29.9,21.0,72,0.0,Good,1620.4,High Risk,19
798,Delhi,2025-12-11 20:00:00,38.0,37.0,378.0,26.1,21.3,74,0.0,Good,1466.6,High Risk,20
799,Delhi,2025-12-11 21:00:00,38.4,37.4,332.0,22.8,21.9,77,0.0,Good,1376.0,High Risk,21
800,Delhi,2025-12-11 22:00:00,38.3,37.1,299.0,19.9,23.1,80,0.0,Good,1310.4,High Risk,22
801,Delhi,2025-12-11 23:00:00,38.2,36.9,293.0,17.4,24.7,82,0.0,Good,1299.5,High Risk,23
802,Delhi,2025-12-12 00:00:00,38.5,37.0,401.0,17.0,26.2,83,0.0,Good,1524.3,High Risk,0
803,Delhi,2025-12-12 01:00:00,42.1,40.5,775.0,21.4,28.0,77,0.0,Good,2307.4,High Risk,1
804,Delhi,2025-12-12 02:00:00,50.4,48.8,1262.0,27.9,29.6,69,0.45,Good,3356.2,High Risk,2
805,Delhi,2025-12-12 03:00:00,43.1,42.0,1500.0,30.1,29.9,72,1.8,Good,3795.3,High Risk,3
806,Delhi,2025-12-12 04:00:00,25.7,24.4,1241.0,23.4,27.7,96,4.1,Good,3173.5,High Risk,4
807,Delhi,2025-12-12 05:00:00,20.8,19.5,731.0,12.3,24.0,131,6.45,Good,2160.1,High Risk,5
808,Delhi,2025-12-12 06:00:00,19.8,18.2,345.0,4.0,20.7,157,7.95,Good,1410.2,High Risk,6
809,Delhi,2025-12-12 07:00:00,20.0,18.1,243.0,1.2,18.3,168,7.95,Good,1218.5,High Risk,7
810,Delhi,2025-12-12 08:00:00,20.1,18.1,264.0,1.2,16.2,171,6.45,Good,1261.4,High Risk,8
811,Delhi,2025-12-12 09:00:00,20.3,18.2,304.0,2.7,14.7,169,4.1,Good,1336.5,High Risk,9
812,Delhi,2025-12-12 10:00:00,20.7,18.6,336.0,5.4,13.7,160,1.9,Good,1383.5,High Risk,10
813,Delhi,2025-12-12 11:00:00,21.3,19.3,386.0,9.5,13.3,146,0.5,Good,1461.6,High Risk,11
814,Delhi,2025-12-12 12:00:00,25.6,23.9,431.0,14.6,13.7,130,0.0,Good,1561.5,High Risk,12
815,Delhi,2025-12-12 13:00:00,32.4,30.6,463.0,21.7,15.4,112,0.0,Good,1660.6,High Risk,13
816,Delhi,2025-12-12 14:00:00,37.3,35.4,489.0,29.8,17.9,93,0.0,Good,1736.7,High Risk,14
817,Delhi,2025-12-12 15:00:00,40.7,38.9,512.0,35.5,20.2,79,0.0,Good,1800.4,High Risk,15
818,Delhi,2025-12-12 16:00:00,43.5,41.4,535.0,37.1,21.9,74,0.0,Good,1865.5,High Risk,16
819,Delhi,2025-12-12 17:00:00,46.9,44.6,554.0,36.2,23.4,74,0.0,Good,1932.1,High Risk,17
820,Delhi,2025-12-12 18:00:00,49.1,46.7,556.0,34.3,24.3,76,0.0,Good,1955.2,High Risk,18
821,Delhi,2025-12-12 19:00:00,49.4,46.7,525.0,31.2,24.3,79,0.0,Good,1890.7,High Risk,19
822,Delhi,2025-12-12 20:00:00,49.8,47.0,478.0,27.1,23.9,83,0.0,Good,1793.4,High Risk,20
823,Delhi,2025-12-12 21:00:00,50.5,47.6,452.0,23.5,23.7,87,0.0,Good,1743.3,High Risk,21
824,Delhi,2025-12-12 22:00:00,51.5,48.3,449.0,20.4,24.1,91,0.0,Good,1745.0,High Risk,22
825,Delhi,2025-12-12 23:00:00,52.4,49.1,469.0,17.9,24.9,94,0.0,Good,1793.9,High Risk,23
826,Delhi,2025-12-13 00:00:00,53.2,49.7,544.0,18.0,25.8,95,0.0,Good,1956.3,High Risk,0
827,Delhi,2025-12-13 01:00:00,56.5,52.9,758.0,24.1,27.6,90,0.0,Moderate,2426.8,High Risk,1
828,Delhi,2025-12-13 02:00:00,64.7,61.0,1028.0,32.7,29.6,84,0.4,Moderate,3056.3,High Risk,2
829,Delhi,2025-12-13 03:00:00,59.1,56.5,1141.0,35.8,29.8,86,1.7,Moderate,3262.2,High Risk,3
830,Delhi,2025-12-13 04:00:00,34.3,31.5,943.0,27.6,26.7,107,3.9,Good,2684.6,High Risk,4
831,Delhi,2025-12-13 05:00:00,26.8,24.4,588.0,13.9,21.8,136,6.15,Good,1929.2,High Risk,5
832,Delhi,2025-12-13 06:00:00,24.7,22.8,323.0,3.7,17.9,159,7.6,Good,1397.5,High Risk,6
833,Delhi,2025-12-13 07:00:00,24.7,23.0,256.0,0.6,16.1,169,7.6,Good,1274.9,High Risk,7
834,Delhi,2025-12-13 08:00:00,24.9,23.1,280.0,0.9,15.2,172,6.2,Good,1330.6,High Risk,8
835,Delhi,2025-12-13 09:00:00,24.8,23.1,320.0,2.7,14.6,170,4.0,Good,1409.1,High Risk,9
836,Delhi,2025-12-13 10:00:00,24.7,22.9,358.0,5.5,13.9,161,1.85,Good,1465.2,High Risk,10
837,Delhi,2025-12-13 11:00:00,24.9,23.2,412.0,9.7,13.5,145,0.5,Good,1542.5,High Risk,11
838,Delhi,2025-12-13 12:00:00,29.2,27.8,463.0,14.6,13.8,129,0.0,Good,1653.2,High Risk,12
839,Delhi,2025-12-13 13:00:00,35.5,34.1,507.0,21.1,15.3,110,0.0,Good,1766.6,High Risk,13
840,Delhi,2025-12-13 14:00:00,39.2,38.0,548.0,28.3,17.5,91,0.0,Good,1859.8,High Risk,14
841,Delhi,2025-12-13 15:00:00,41.2,39.8,574.0,32.8,19.3,77,0.0,Good,1910.0,High Risk,15
842,Delhi,2025-12-13 16:00:00,42.6,41.2,570.0,32.9,20.2,74,0.0,Good,1908.2,High Risk,16
843,Delhi,2025-12-13 17:00:00,44.0,42.6,551.0,30.4,20.6,77,0.0,Good,1882.0,High Risk,17
844,Delhi,2025-12-13 18:00:00,44.2,42.7,547.0,27.3,20.8,82,0.0,Good,1878.5,High Risk,18
845,Delhi,2025-12-13 19:00:00,43.7,42.1,570.0,23.7,20.6,88,0.0,Good,1922.8,High Risk,19
846,Delhi,2025-12-13 20:00:00,43.7,42.1,607.0,19.4,20.2,96,0.0,Good,2002.0,High Risk,20
847,Delhi,2025-12-13 21:00:00,44.4,42.8,657.0,16.0,20.2,102,0.0,Good,2112.0,High Risk,21
848,Delhi,2025-12-13 22:00:00,45.2,43.5,719.0,13.5,20.9,107,0.0,Good,2249.7,High Risk,22
849,Delhi,2025-12-13 23:00:00,45.9,44.4,793.0,11.9,22.0,111,0.0,Good,2414.3,High Risk,23
850,Delhi,2025-12-14 00:00:00,47.4,45.8,872.0,12.5,23.1,112,0.0,Good,2593.6,High Risk,0
851,Delhi,2025-12-14 01:00:00,51.6,50.1,993.0,18.1,24.5,108,0.0,Moderate,2885.7,High Risk,1
852,Delhi,2025-12-14 02:00:00,61.2,59.8,1119.0,26.0,26.0,101,0.4,Moderate,3231.6,High Risk,2
853,Delhi,2025-12-14 03:00:00,53.8,52.7,1133.0,29.1,26.0,102,1.65,Moderate,3217.3,High Risk,3
854,Delhi,2025-12-14 04:00:00,36.0,34.7,931.0,22.6,23.4,119,3.7,Good,2684.5,High Risk,4
855,Delhi,2025-12-14 05:00:00,32.9,31.5,616.0,11.4,19.4,143,5.9,Good,2040.4,High Risk,5
856,Delhi,2025-12-14 06:00:00,29.3,27.9,381.0,3.0,16.3,161,7.3,Good,1549.6,High Risk,6
857,Delhi,2025-12-14 07:00:00,28.0,26.6,310.0,0.5,15.0,168,7.35,Good,1403.0,High Risk,7
858,Delhi,2025-12-14 08:00:00,27.7,26.1,318.0,0.9,14.5,170,6.05,Good,1421.2,High Risk,8
859,Delhi,2025-12-14 09:00:00,27.6,26.0,344.0,2.6,14.3,166,3.9,Good,1466.4,High Risk,9
860,Delhi,2025-12-14 10:00:00,27.5,25.7,374.0,5.4,13.9,157,1.8,Good,1507.2,High Risk,10
861,Delhi,2025-12-14 11:00:00,27.8,26.0,421.0,9.5,13.7,142,0.45,Good,1574.2,High Risk,11
862,Delhi,2025-12-14 12:00:00,32.6,31.2,462.0,14.6,14.3,126,0.0,Good,1671.4,High Risk,12
863,Delhi,2025-12-14 13:00:00,39.6,38.1,476.0,21.7,16.2,107,0.0,Good,1733.9,High Risk,13
864,Delhi,2025-12-14 14:00:00,43.9,42.5,484.0,29.7,18.8,86,0.0,Good,1764.2,High Risk,14
865,Delhi,2025-12-14 15:00:00,47.0,45.6,525.0,34.8,20.9,72,0.0,Good,1857.8,High Risk,15
866,Delhi,2025-12-14 16:00:00,49.7,48.3,621.0,34.8,21.9,68,0.0,Good,2063.4,High Risk,16
867,Delhi,2025-12-14 17:00:00,51.3,49.9,750.0,31.7,22.4,71,0.0,Good,2332.8,High Risk,17
868,Delhi,2025-12-14 18:00:00,51.8,50.3,883.0,28.2,22.7,75,0.0,Moderate,2601.5,High Risk,18
869,Delhi,2025-12-14 19:00:00,51.5,49.9,1053.0,24.5,22.8,80,0.0,Good,2939.2,High Risk,19
870,Delhi,2025-12-14 20:00:00,51.9,50.3,1227.0,20.4,22.7,87,0.0,Moderate,3294.6,High Risk,20
871,Delhi,2025-12-14 21:00:00,52.7,51.0,1278.0,17.1,23.0,93,0.0,Moderate,3408.5,High Risk,21
872,Delhi,2025-12-14 22:00:00,53.6,51.8,1069.0,14.8,23.9,98,0.0,Moderate,3006.6,High Risk,22
873,Delhi,2025-12-14 23:00:00,54.4,52.6,736.0,13.3,25.2,102,0.0,Moderate,2358.2,High Risk,23
874,Delhi,2025-12-15 00:00:00,56.1,54.4,552.5,14.0,26.6,104,0.0,Moderate,2019.7,High Risk,0
875,Delhi,2025-12-15 01:00:00,61.0,59.3,555.5,19.5,28.5,101,0.0,Moderate,2085.5,High Risk,1
876,Delhi,2025-12-15 02:00:00,71.5,69.6,664.8,27.1,30.6,97,0.35,Moderate,2413.9,High Risk,2
877,Delhi,2025-12-15 03:00:00,59.1,58.0,745.0,30.0,31.0,101,1.5,Moderate,2504.3,High Risk,3
878,Delhi,2025-12-15 04:00:00,43.0,41.6,644.0,23.2,28.5,121,3.45,Good,2194.8,High Risk,4
879,Delhi,2025-12-15 05:00:00,38.3,36.9,475.0,11.7,24.3,148,5.55,Good,1837.4,High Risk,5
880,Delhi,2025-12-15 06:00:00,35.4,33.9,347.0,3.1,20.8,168,6.9,Good,1569.3,High Risk,6
881,Delhi,2025-12-15 07:00:00,34.2,32.6,307.0,0.6,18.8,174,6.95,Good,1479.2,High Risk,7
882,Delhi,2025-12-15 08:00:00,34.0,32.4,308.0,1.1,17.5,172,5.7,Good,1470.4,High Risk,8
883,Delhi,2025-12-15 09:00:00,34.0,32.2,321.0,2.5,16.6,167,3.65,Good,1482.4,High Risk,9
884,Delhi,2025-12-15 10:00:00,34.2,32.5,345.0,4.9,16.0,156,1.7,Good,1506.7,High Risk,10
885,Delhi,2025-12-15 11:00:00,35.0,33.3,381.0,8.4,15.8,142,0.45,Good,1556.3,High Risk,11
886,Delhi,2025-12-15 12:00:00,38.5,37.1,407.0,10.9,15.7,131,0.0,Good,1614.4,High Risk,12
887,Hyderabad,2025-12-11 00:00:00,30.4,29.5,348.0,8.4,20.8,92,,Good,1327.5,High Risk,0
888,Hyderabad,2025-12-11 01:00:00,29.7,29.0,515.0,12.1,20.7,86,,Good,1653.3,High Risk,1
889,Hyderabad,2025-12-11 02:00:00,30.7,30.2,730.0,17.6,21.2,79,,Good,2095.3,High Risk,2
890,Hyderabad,2025-12-11 03:00:00,27.4,27.1,830.0,19.9,20.9,82,,Good,2286.9,High Risk,3
891,Hyderabad,2025-12-11 04:00:00,22.0,21.7,701.0,16.0,18.8,105,,Good,2030.7,High Risk,4
892,Hyderabad,2025-12-11 05:00:00,18.9,18.5,458.0,9.1,15.8,139,,Good,1581.8,High Risk,5
893,Hyderabad,2025-12-11 06:00:00,17.2,16.8,274.0,3.8,13.3,163,,Good,1241.0,High Risk,6
894,Hyderabad,2025-12-11 07:00:00,16.6,16.3,223.0,1.9,11.7,171,,Good,1144.7,High Risk,7
895,Hyderabad,2025-12-11 08:00:00,16.0,15.7,231.0,1.6,10.6,169,,Good,1144.3,High Risk,8
896,Hyderabad,2025-12-11 09:00:00,15.3,15.0,260.0,2.7,9.8,163,,Good,1179.9,High Risk,9
897,Hyderabad,2025-12-11 10:00:00,15.0,14.6,303.0,5.2,9.2,152,,Good,1237.6,High Risk,10
898,Hyderabad,2025-12-11 11:00:00,15.0,14.6,366.0,9.1,8.9,136,,Good,1330.0,High Risk,11
899,Hyderabad,2025-12-11 12:00:00,18.4,18.1,423.0,13.9,9.4,119,,Good,1441.9,High Risk,12
900,Hyderabad,2025-12-11 13:00:00,24.3,24.0,471.0,20.6,11.2,102,,Good,1568.1,High Risk,13
901,Hyderabad,2025-12-11 14:00:00,28.2,27.8,514.0,28.2,13.7,84,,Good,1671.2,High Risk,14
902,Hyderabad,2025-12-11 15:00:00,30.7,30.3,540.0,33.5,16.0,72,,Good,1737.6,High Risk,15
903,Hyderabad,2025-12-11 16:00:00,32.9,32.5,546.0,35.1,17.7,68,,Good,1768.4,High Risk,16
904,Hyderabad,2025-12-11 17:00:00,35.5,34.9,536.0,34.4,19.2,68,,Good,1771.4,High Risk,17
905,Hyderabad,2025-12-11 18:00:00,37.3,36.6,509.0,32.7,20.4,70,,Good,1735.3,High Risk,18
906,Hyderabad,2025-12-11 19:00:00,37.6,36.8,452.0,29.9,21.0,72,,Good,1620.4,High Risk,19
907,Hyderabad,2025-12-11 20:00:00,38.0,37.0,378.0,26.1,21.3,74,,Good,1466.6,High Risk,20
908,Hyderabad,2025-12-11 21:00:00,38.4,37.4,332.0,22.8,21.9,77,,Good,1376.0,High Risk,21
909,Hyderabad,2025-12-11 22:00:00,38.3,37.1,299.0,19.9,23.1,80,,Good,1310.4,High Risk,22
910,Hyderabad,2025-12-11 23:00:00,38.2,36.9,293.0,17.4,24.7,82,,Good,1299.5,High Risk,23
911,Hyderabad,2025-12-12 00:00:00,38.5,37.0,401.0,17.0,26.2,83,,Good,1524.3,High Risk,0
912,Hyderabad,2025-12-12 01:00:00,42.1,40.5,775.0,21.4,28.0,77,,Good,2307.4,High Risk,1
913,Hyderabad,2025-12-12 02:00:00,50.4,48.8,1262.0,27.9,29.6,69,,Good,3356.2,High Risk,2
914,Hyderabad,2025-12-12 03:00:00,43.1,42.0,1500.0,30.1,29.9,72,,Good,3795.3,High Risk,3
915,Hyderabad,2025-12-12 04:00:00,25.7,24.4,1241.0,23.4,27.7,96,,Good,3173.5,High Risk,4
916,Hyderabad,2025-12-12 05:00:00,20.8,19.5,731.0,12.3,24.0,131,,Good,2160.1,High Risk,5
917,Hyderabad,2025-12-12 06:00:00,19.8,18.2,345.0,4.0,20.7,157,,Good,1410.2,High Risk,6
918,Hyderabad,2025-12-12 07:00:00,20.0,18.1,243.0,1.2,18.3,168,,Good,1218.5,High Risk,7
919,Hyderabad,2025-12-12 08:00:00,20.1,18.1,264.0,1.2,16.2,171,,Good,1261.4,High Risk,8
920,Hyderabad,2025-12-12 09:00:00,20.3,18.2,304.0,2.7,14.7,169,,Good,1336.5,High Risk,9
921,Hyderabad,2025-12-12 10:00:00,20.7,18.6,336.0,5.4,13.7,160,,Good,1383.5,High Risk,10
922,Hyderabad,2025-12-12 11:00:00,21.3,19.3,386.0,9.5,13.3,146,,Good,1461.6,High Risk,11
923,Hyderabad,2025-12-12 12:00:00,25.6,23.9,431.0,14.6,13.7,130,,Good,1561.5,High Risk,12
924,Hyderabad,2025-12-12 13:00:00,32.4,30.6,463.0,21.7,15.4,112,,Good,1660.6,High Risk,13
925,Hyderabad,2025-12-12 14:00:00,37.3,35.4,489.0,29.8,17.9,93,,Good,1736.7,High Risk,14
926,Hyderabad,2025-12-12 15:00:00,40.7,38.9,512.0,35.5,20.2,79,,Good,1800.4,High Risk,15
927,Hyderabad,2025-12-12 16:00:00,43.5,41.4,535.0,37.1,21.9,74,,Good,1865.5,High Risk,16
928,Hyderabad,2025-12-12 17:00:00,46.9,44.6,554.0,36.2,23.4,74,,Good,1932.1,High Risk,17
929,Hyderabad,2025-12-12 18:00:00,49.1,46.7,556.0,34.3,24.3,76,,Good,1955.2,High Risk,18
930,Hyderabad,2025-12-12 19:00:00,49.4,46.7,525.0,31.2,24.3,79,,Good,1890.7,High Risk,19
931,Hyderabad,2025-12-12 20:00:00,49.8,47.0,478.0,27.1,23.9,83,,Good,1793.4,High Risk,20
932,Hyderabad,2025-12-12 21:00:00,50.5,47.6,452.0,23.5,23.7,87,,Good,1743.3,High Risk,21
933,Hyderabad,2025-12-12 22:00:00,51.5,48.3,449.0,20.4,24.1,91,,Good,1745.0,High Risk,22
934,Hyderabad,2025-12-12 23:00:00,52.4,49.1,469.0,17.9,24.9,94,,Good,1793.9,High Risk,23
935,Hyderabad,2025-12-13 00:00:00,53.2,49.7,544.0,18.0,25.8,95,,Good,1956.3,High Risk,0
936,Hyderabad,2025-12-13 01:00:00,56.5,52.9,758.0,24.1,27.6,90,,Moderate,2426.8,High Risk,1
937,Hyderabad,2025-12-13 02:00:00,64.7,61.0,1028.0,32.7,29.6,84,,Moderate,3056.3,High Risk,2
938,Hyderabad,2025-12-13 03:00:00,59.1,56.5,1141.0,35.8,29.8,86,,Moderate,3262.2,High Risk,3
939,Hyderabad,2025-12-13 04:00:00,34.3,31.5,943.0,27.6,26.7,107,,Good,2684.6,High Risk,4
940,Hyderabad,2025-12-13 05:00:00,26.8,24.4,588.0,13.9,21.8,136,,Good,1929.2,High Risk,5
941,Hyderabad,2025-12-13 06:00:00,24.7,22.8,323.0,3.7,17.9,159,,Good,1397.5,High Risk,6
942,Hyderabad,2025-12-13 07:00:00,24.7,23.0,256.0,0.6,16.1,169,,Good,1274.9,High Risk,7
943,Hyderabad,2025-12-13 08:00:00,24.9,23.1,280.0,0.9,15.2,172,,Good,1330.6,High Risk,8
944,Hyderabad,2025-12-13 09:00:00,24.8,23.1,320.0,2.7,14.6,170,,Good,1409.1,High Risk,9
945,Hyderabad,2025-12-13 10:00:00,24.7,22.9,358.0,5.5,13.9,161,,Good,1465.2,High Risk,10
946,Hyderabad,2025-12-13 11:00:00,24.9,23.2,412.0,9.7,13.5,145,,Good,1542.5,High Risk,11
947,Hyderabad,2025-12-13 12:00:00,29.2,27.8,463.0,14.6,13.8,129,,Good,1653.2,High Risk,12
948,Hyderabad,2025-12-13 13:00:00,35.5,34.1,507.0,21.1,15.3,110,,Good,1766.6,High Risk,13
949,Hyderabad,2025-12-13 14:00:00,39.2,38.0,548.0,28.3,17.5,91,,Good,1859.8,High Risk,14
950,Hyderabad,2025-12-13 15:00:00,41.2,39.8,574.0,32.8,19.3,77,,Good,1910.0,High Risk,15
951,Hyderabad,2025-12-13 16:00:00,42.6,41.2,570.0,32.9,20.2,74,,Good,1908.2,High Risk,16
952,Hyderabad,2025-12-13 17:00:00,44.0,42.6,551.0,30.4,20.6,77,,Good,1882.0,High Risk,17
953,Hyderabad,2025-12-13 18:00:00,44.2,42.7,547.0,27.3,20.8,82,,Good,1878.5,High Risk,18
954,Hyderabad,2025-12-13 19:00:00,43.7,42.1,570.0,23.7,20.6,88,,Good,1922.8,High Risk,19
955,Hyderabad,2025-12-13 20:00:00,43.7,42.1,607.0,19.4,20.2,96,,Good,2002.0,High Risk,20
956,Hyderabad,2025-12-13 21:00:00,44.4,42.8,657.0,16.0,20.2,102,,Good,2112.0,High Risk,21
957,Hyderabad,2025-12-13 22:00:00,45.2,43.5,719.0,13.5,20.9,107,,Good,2249.7,High Risk,22
958,Hyderabad,2025-12-13 23:00:00,45.9,44.4,793.0,11.9,22.0,111,,Good,2414.3,High Risk,23
959,Hyderabad,2025-12-14 00:00:00,47.4,45.8,872.0,12.5,23.1,112,,Good,2593.6,High Risk,0
960,Hyderabad,2025-12-14 01:00:00,51.6,50.1,993.0,18.1,24.5,108,,Moderate,2885.7,High Risk,1
961,Hyderabad,2025-12-14 02:00:00,61.2,59.8,1119.0,26.0,26.0,101,,Moderate,3231.6,High Risk,2
962,Hyderabad,2025-12-14 03:00:00,53.8,52.7,1133.0,29.1,26.0,102,,Moderate,3217.3,High Risk,3
963,Hyderabad,2025-12-14 04:00:00,36.0,34.7,931.0,22.6,23.4,119,,Good,2684.5,High Risk,4
964,Hyderabad,2025-12-14 05:00:00,32.9,31.5,616.0,11.4,19.4,143,,Good,2040.4,High Risk,5
965,Hyderabad,2025-12-14 06:00:00,29.3,27.9,381.0,3.0,16.3,161,,Good,1549.6,High Risk,6
966,Hyderabad,2025-12-14 07:00:00,28.0,26.6,310.0,0.5,15.0,168,,Good,1403.0,High Risk,7
967,Hyderabad,2025-12-14 08:00:00,27.7,26.1,318.0,0.9,14.5,170,,Good,1421.2,High Risk,8
968,Hyderabad,2025-12-14 09:00:00,27.6,26.0,344.0,2.6,14.3,166,,Good,1466.4,High Risk,9
969,Hyderabad,2025-12-14 10:00:00,27.5,25.7,374.0,5.4,13.9,157,,Good,1507.2,High Risk,10
970,Hyderabad,2025-12-14 11:00:00,27.8,26.0,421.0,9.5,13.7,142,,Good,1574.2,High Risk,11
971,Hyderabad,2025-12-14 12:00:00,32.6,31.2,462.0,14.6,14.3,126,,Good,1671.4,High Risk,12
972,Hyderabad,2025-12-14 13:00:00,39.6,38.1,476.0,21.7,16.2,107,,Good,1733.9,High Risk,13
973,Hyderabad,2025-12-14 14:00:00,43.9,42.5,484.0,29.7,18.8,86,,Good,1764.2,High Risk,14
974,Hyderabad,2025-12-14 15:00:00,47.0,45.6,525.0,34.8,20.9,72,,Good,1857.8,High Risk,15
975,Hyderabad,2025-12-14 16:00:00,49.7,48.3,621.0,34.8,21.9,68,,Good,2063.4,High Risk,16
976,Hyderabad,2025-12-14 17:00:00,51.3,49.9,750.0,31.7,22.4,71,,Good,2332.8,High Risk,17
977,Hyderabad,2025-12-14 18:00:00,51.8,50.3,883.0,28.2,22.7,75,,Moderate,2601.5,High Risk,18
978,Hyderabad,2025-12-14 19:00:00,51.5,49.9,1053.0,24.5,22.8,80,,Good,2939.2,High Risk,19
979,Hyderabad,2025-12-14 20:00:00,51.9,50.3,1227.0,20.4,22.7,87,,Moderate,3294.6,High Risk,20
980,Hyderabad,2025-12-14 21:00:00,52.7,51.0,1278.0,17.1,23.0,93,,Moderate,3408.5,High Risk,21
981,Hyderabad,2025-12-14 22:00:00,53.6,51.8,1069.0,14.8,23.9,98,,Moderate,3006.6,High Risk,22
982,Hyderabad,2025-12-14 23:00:00,54.4,52.6,736.0,13.3,25.2,102,,Moderate,2358.2,High Risk,23
983,Hyderabad,2025-12-15 00:00:00,56.1,54.4,552.5,14.0,26.6,104,,Moderate,2019.7,High Risk,0
984,Hyderabad,2025-12-15 01:00:00,61.0,59.3,555.5,19.5,28.5,101,,Moderate,2085.5,High Risk,1
985,Hyderabad,2025-12-15 02:00:00,71.5,69.6,664.8,27.1,30.6,97,,Moderate,2413.9,High Risk,2
986,Hyderabad,2025-12-15 03:00:00,59.1,58.0,745.0,30.0,31.0,101,,Moderate,2504.3,High Risk,3
987,Hyderabad,2025-12-15 04:00:00,43.0,41.6,644.0,23.2,28.5,121,,Good,2194.8,High Risk,4
988,Hyderabad,2025-12-15 05:00:00,38.3,36.9,475.0,11.7,24.3,148,,Good,1837.4,High Risk,5
989,Hyderabad,2025-12-15 06:00:00,35.4,33.9,347.0,3.1,20.8,168,,Good,1569.3,High Risk,6
990,Hyderabad,2025-12-15 07:00:00,34.2,32.6,307.0,0.6,18.8,174,,Good,1479.2,High Risk,7
991,Hyderabad,2025-12-15 08:00:00,34.0,32.4,308.0,1.1,17.5,172,,Good,1470.4,High Risk,8
992,Hyderabad,2025-12-15 09:00:00,34.0,32.2,321.0,2.5,16.6,167,,Good,1482.4,High Risk,9
993,Hyderabad,2025-12-15 10:00:00,34.2,32.5,345.0,4.9,16.0,156,,Good,1506.7,High Risk,10
994,Hyderabad,2025-12-15 11:00:00,35.0,33.3,381.0,8.4,15.8,142,,Good,1556.3,High Risk,11
995,Hyderabad,2025-12-15 12:00:00,38.5,37.1,407.0,10.9,15.7,131,,Good,1614.4,High Risk,12
996,Hyderabad,2025-12-11 00:00:00,30.4,29.5,348.0,8.4,20.8,92,0.0,Good,1327.5,High Risk,0
997,Hyderabad,2025-12-11 01:00:00,29.7,29.0,515.0,12.1,20.7,86,0.0,Good,1653.3,High Risk,1
998,Hyderabad,2025-12-11 02:00:00,30.7,30.2,730.0,17.6,21.2,79,0.45,Good,2095.3,High Risk,2
999,Hyderabad,2025-12-11 03:00:00,27.4,27.1,830.0,19.9,20.9,82,1.8,Good,2286.9,High Risk,3
1000,Hyderabad,2025-12-11 04:00:00,22.0,21.7,701.0,16.0,18.8,105,4.05,Good,2030.7,High Risk,4
